bldg_id,in.county
65,G4500910
121,G4500730
500,G4500710
504,G4500790
581,G4500450
590,G4500150
670,G4500350
736,G4500190
862,G4500830
952,G4500150
1202,G4500510
1220,G4500790
1410,G4500070
1514,G4500670
1801,G4500750
1961,G4500730
2077,G4500910
2270,G4500750
2521,G4500750
2540,G4500910
2724,G4500910
2765,G4500450
2886,G4500730
2934,G4500790
2986,G4500710
2993,G4500830
3035,G4500750
3177,G4500070
3754,G4500450
3891,G4500750
3924,G4500190
3926,G4500450
3956,G4500290
4015,G4500490
4067,G4500070
4167,G4500130
4218,G4500070
4391,G4500630
4498,G4500870
4561,G4500510
4645,G4500550
4769,G4500910
4811,G4500010
4892,G4500430
4963,G4500890
4990,G4500450
5051,G4500850
5075,G4500150
5081,G4500450
5160,G4500830
5248,G4500510
5333,G4500150
5353,G4500910
5408,G4500710
5579,G4500730
5591,G4500790
5898,G4500770
5963,G4500790
6386,G4500030
6392,G4500590
6431,G4500590
6537,G4500190
6549,G4500610
6618,G4500250
6635,G4500190
6644,G4500910
6816,G4500630
6885,G4500070
7060,G4500130
7307,G4500190
7370,G4500450
7410,G4500770
7504,G4500130
7510,G4500450
7534,G4500910
7576,G4500630
7632,G4500450
7670,G4500510
7829,G4500630
7945,G4500830
8086,G4500190
8414,G4500430
8810,G4500190
8983,G4500070
9269,G4500350
9361,G4500790
9420,G4500790
9461,G4500150
9468,G4500830
9496,G4500630
9590,G4500530
9653,G4500830
9738,G4500790
9756,G4500210
9860,G4500410
9885,G4500570
10048,G4500510
10223,G4500510
10521,G4500030
10529,G4500870
10599,G4500070
10601,G4500590
10650,G4500510
10741,G4500450
10847,G4500790
10861,G4500450
10900,G4500630
11084,G4500790
11179,G4500510
11220,G4500770
11439,G4500830
11524,G4500630
11551,G4500290
11574,G4500630
11710,G4500550
11731,G4500750
11732,G4500790
11967,G4500450
11973,G4500690
11978,G4500030
12034,G4500510
12124,G4500870
12250,G4500030
12415,G4500070
12449,G4500450
12528,G4500310
12663,G4500850
12768,G4500850
12938,G4500790
13144,G4500830
13253,G4500770
13363,G4500090
13458,G4500450
13637,G4500450
13823,G4500510
14002,G4500910
14004,G4500150
14060,G4500350
14108,G4500570
14168,G4500910
14282,G4500190
14357,G4500830
14495,G4500190
14691,G4500830
14792,G4500630
14933,G4500150
15112,G4500450
15234,G4500130
15263,G4500150
15437,G4500010
15450,G4500450
15481,G4500590
15619,G4500450
15620,G4500030
15844,G4500710
15946,G4500630
15967,G4500130
16393,G4500150
16491,G4500510
16515,G4500750
16825,G4500790
17172,G4500790
17258,G4500470
17355,G4500510
17496,G4500130
17638,G4500770
17778,G4500770
17786,G4500030
17947,G4500510
17983,G4500070
18165,G4500450
18207,G4500070
18397,G4500450
18653,G4500610
18769,G4500510
18798,G4500190
18885,G4500510
18941,G4500790
18947,G4500450
19081,G4500430
19209,G4500130
19427,G4500070
19450,G4500150
19536,G4500150
19759,G4500290
19841,G4500770
20155,G4500150
20214,G4500410
20215,G4500750
20332,G4500770
20380,G4500790
20474,G4500830
20606,G4500030
20786,G4500770
20799,G4500530
20975,G4500130
21008,G4500130
21060,G4500750
21632,G4500050
21719,G4500330
21781,G4500310
21824,G4500790
21835,G4500430
21870,G4500590
21893,G4500210
22139,G4500790
22434,G4500070
22657,G4500030
22662,G4500190
22737,G4500830
22775,G4500830
22891,G4500450
23003,G4500310
23050,G4500470
23201,G4500450
23214,G4500190
23275,G4500190
23486,G4500190
23529,G4500030
23580,G4500030
23602,G4500790
23626,G4500790
23718,G4500350
24120,G4500190
24138,G4500450
24341,G4500190
24536,G4500650
24751,G4500550
24836,G4500150
24906,G4500570
24918,G4500150
25090,G4500070
25112,G4500730
25211,G4500190
25464,G4500830
25478,G4500450
25523,G4500630
25561,G4500470
25603,G4500250
25700,G4500630
25843,G4500830
25926,G4500190
26021,G4500230
26023,G4500910
26244,G4500770
26364,G4500890
26476,G4500690
26735,G4500630
27047,G4500910
27060,G4500450
27164,G4500450
27299,G4500190
27371,G4500750
27488,G4500130
27511,G4500830
27651,G4500750
27686,G4500450
27722,G4500790
27744,G4500690
27754,G4500510
27756,G4500770
27822,G4500270
28005,G4500310
28211,G4500790
28376,G4500910
28389,G4500130
28430,G4500630
28610,G4500450
28696,G4500630
28700,G4500790
28763,G4500450
28837,G4500630
28917,G4500430
29062,G4500030
29214,G4500250
29317,G4500030
29518,G4500630
29641,G4500450
29891,G4500450
29895,G4500150
29915,G4500010
30039,G4500250
30090,G4500450
30173,G4500350
30262,G4500070
30360,G4500770
30427,G4500450
30437,G4500150
30553,G4500190
30594,G4500830
30603,G4500750
30656,G4500570
30982,G4500790
31071,G4500190
31136,G4500910
31255,G4500510
31413,G4500410
31434,G4500550
31587,G4500910
31664,G4500830
31728,G4500130
31869,G4500070
32027,G4500630
32095,G4500270
32115,G4500510
32138,G4500830
32174,G4500190
32588,G4500510
32634,G4500210
32766,G4500790
32808,G4500150
32849,G4500830
32902,G4500010
32930,G4500510
33348,G4500910
33396,G4500450
33424,G4500830
33816,G4500430
34128,G4500790
34311,G4500550
34392,G4500130
34522,G4500790
34526,G4500450
34598,G4500350
34670,G4500070
34681,G4500190
34868,G4500830
34960,G4500630
35223,G4500150
35400,G4500510
35450,G4500330
35500,G4500130
35622,G4500830
35705,G4500910
35770,G4500190
35778,G4500510
35789,G4500910
35841,G4500430
35909,G4500130
35982,G4500730
36049,G4500410
36078,G4500910
36100,G4500570
36212,G4500830
36265,G4500290
36286,G4500510
36499,G4500550
36595,G4500370
36692,G4500590
36698,G4500450
36877,G4500190
36912,G4500510
37175,G4500890
37464,G4500150
37484,G4500630
37602,G4500070
37633,G4500450
37800,G4500730
37812,G4500010
37845,G4500790
37867,G4500150
37915,G4500790
37983,G4500630
38154,G4500450
38189,G4500030
38235,G4500630
38318,G4500850
38325,G4500790
38477,G4500550
38527,G4500630
38575,G4500630
38652,G4500750
38693,G4500210
38708,G4500550
38774,G4500610
38863,G4500670
39100,G4500410
39198,G4500510
39232,G4500570
39235,G4500150
39257,G4500830
39469,G4500030
39573,G4500630
39794,G4500790
39857,G4500490
39860,G4500730
39946,G4500750
40001,G4500190
40077,G4500490
40179,G4500130
40296,G4500790
40359,G4500290
40403,G4500330
40447,G4500710
40466,G4500830
40766,G4500150
40844,G4500190
40875,G4500030
40893,G4500790
40938,G4500190
41085,G4500150
41136,G4500150
41138,G4500250
41357,G4500250
41510,G4500450
41530,G4500830
41544,G4500030
41563,G4500230
41650,G4500450
41667,G4500510
41752,G4500730
41784,G4500450
41807,G4500630
41891,G4500910
41980,G4500450
42212,G4500510
42264,G4500210
42352,G4500510
42353,G4500190
42475,G4500870
42529,G4500130
42807,G4500530
42939,G4500070
42982,G4500030
43075,G4500510
43126,G4500910
43131,G4500350
43135,G4500570
43145,G4500130
43180,G4500890
43233,G4500070
43284,G4500450
43309,G4500430
43430,G4500750
43686,G4500030
43900,G4500190
44029,G4500630
44100,G4500570
44652,G4500790
44694,G4500350
44697,G4500030
44717,G4500190
44867,G4500070
45080,G4500830
45143,G4500190
45284,G4500830
45365,G4500450
45442,G4500130
45486,G4500190
45565,G4500530
45693,G4500450
45787,G4500830
45808,G4500730
45840,G4500630
46063,G4500470
46211,G4500570
46307,G4500630
46411,G4500250
46424,G4500910
46446,G4500510
46767,G4500770
46935,G4500410
46952,G4500190
47012,G4500310
47024,G4500770
47056,G4500450
47070,G4500750
47256,G4500190
47448,G4500790
47481,G4500190
47606,G4500350
47845,G4500410
47876,G4500790
48153,G4500650
48226,G4500790
48498,G4500130
48540,G4500790
48592,G4500510
48673,G4500150
48717,G4500850
48995,G4500410
49096,G4500790
49444,G4500830
49484,G4500830
49618,G4500830
49656,G4500790
49755,G4500130
49858,G4500570
49881,G4500790
49943,G4500030
50050,G4500750
50071,G4500470
50136,G4500510
50236,G4500670
50459,G4500510
50543,G4500130
50790,G4500830
50824,G4500830
51062,G4500450
51210,G4500250
51221,G4500130
51262,G4500910
51317,G4500570
51395,G4500510
51548,G4500090
51607,G4500790
51866,G4500070
51943,G4500850
51955,G4500530
52004,G4500770
52374,G4500770
52445,G4500790
52523,G4500450
52605,G4500470
52722,G4500310
52820,G4500250
52925,G4500350
52950,G4500190
52973,G4500830
53111,G4500450
53141,G4500310
53167,G4500630
53261,G4500450
53274,G4500910
53325,G4500510
53356,G4500030
53470,G4500190
53531,G4500190
53532,G4500910
53569,G4500070
53902,G4500790
54081,G4500370
54105,G4500750
54447,G4500370
54522,G4500470
54582,G4500630
54636,G4500790
54651,G4500410
54773,G4500450
54940,G4500570
55003,G4500070
55176,G4500190
55360,G4500130
55429,G4500130
55635,G4500450
55646,G4500830
55656,G4500230
55659,G4500330
55894,G4500030
56006,G4500890
56123,G4500450
56332,G4500510
56516,G4500110
56573,G4500790
56770,G4500830
56943,G4500830
57144,G4500130
57513,G4500450
57709,G4500290
57884,G4500470
57887,G4500690
57984,G4500190
58181,G4500630
58256,G4500510
58263,G4500190
58417,G4500630
58433,G4500190
58451,G4500750
58574,G4500030
58609,G4500830
58719,G4500130
58899,G4500910
59043,G4500910
59053,G4500710
59280,G4500190
59451,G4500630
59466,G4500130
59671,G4500510
59976,G4500170
59986,G4500070
59989,G4500850
60002,G4500830
60295,G4500030
60361,G4500830
60400,G4500350
60442,G4500630
60449,G4500130
60467,G4500910
60481,G4500410
60575,G4500230
60714,G4500450
60774,G4500030
60903,G4500050
61085,G4500390
61093,G4500030
61298,G4500450
61448,G4500450
61520,G4500730
61682,G4500390
61952,G4500650
62053,G4500210
62282,G4500910
62304,G4500070
62378,G4500070
62406,G4500750
62414,G4500430
62433,G4500250
62528,G4500790
62642,G4500630
62738,G4500190
62771,G4500110
63043,G4500790
63063,G4500310
63243,G4500370
63258,G4500130
63364,G4500030
63397,G4500130
63483,G4500310
63518,G4500590
63521,G4500790
63536,G4500510
63634,G4500850
63647,G4500190
63673,G4500790
63743,G4500190
63862,G4500150
63900,G4500450
63933,G4500510
63982,G4500510
64005,G4500910
64150,G4500790
64192,G4500090
64214,G4500790
64369,G4500830
64482,G4500630
64499,G4500630
64598,G4500750
64603,G4500830
64615,G4500630
64625,G4500510
64829,G4500190
64940,G4500150
64977,G4500630
65059,G4500130
65081,G4500210
65097,G4500450
65202,G4500310
65257,G4500390
65267,G4500150
65290,G4500030
65415,G4500070
65544,G4500410
65883,G4500130
66055,G4500450
66068,G4500790
66076,G4500230
66081,G4500630
66239,G4500130
66255,G4500630
66339,G4500350
66354,G4500790
66484,G4500510
66486,G4500770
66593,G4500750
66610,G4500590
66642,G4500450
66722,G4500350
66768,G4500910
66862,G4500050
66925,G4500770
67052,G4500150
67069,G4500850
67138,G4500190
67146,G4500450
67187,G4500450
67470,G4500570
67609,G4500830
67797,G4500670
67861,G4500470
67866,G4500350
67881,G4500190
68054,G4500410
68102,G4500130
68112,G4500190
68194,G4500450
68251,G4500350
68486,G4500450
68597,G4500890
68631,G4500350
68674,G4500830
68773,G4500510
68925,G4500410
69067,G4500390
69144,G4500310
69278,G4500790
69297,G4500510
69472,G4500450
69491,G4500470
69635,G4500830
69731,G4500910
69794,G4500830
69832,G4500750
69859,G4500710
69867,G4500290
69968,G4500670
69970,G4500630
70057,G4500490
70193,G4500910
70225,G4500450
70240,G4500130
70244,G4500790
70349,G4500910
70412,G4500830
70556,G4500210
70925,G4500910
70940,G4500830
71092,G4500470
71343,G4500450
71356,G4500190
71801,G4500910
71802,G4500270
71820,G4500510
71866,G4500830
71892,G4500830
71895,G4500570
72383,G4500630
72419,G4500510
72554,G4500190
72593,G4500450
72681,G4500150
72814,G4500830
72950,G4500410
73348,G4500350
73651,G4500510
73669,G4500490
73707,G4500270
73790,G4500210
74065,G4500910
74234,G4500410
74755,G4500070
74770,G4500590
75002,G4500630
75004,G4500630
75072,G4500150
75105,G4500770
75140,G4500150
75331,G4500510
75487,G4500830
75602,G4500450
75915,G4500030
75945,G4500830
75989,G4500510
76071,G4500710
76106,G4500630
76278,G4500790
76399,G4500450
76460,G4500730
76497,G4500150
76551,G4500890
76580,G4500790
76676,G4500830
76682,G4500770
76723,G4500490
76795,G4500130
76811,G4500510
76897,G4500450
77039,G4500770
77043,G4500630
77135,G4500450
77435,G4500830
77464,G4500130
77525,G4500630
77641,G4500550
77927,G4500870
78069,G4500910
78236,G4500870
78782,G4500790
79032,G4500570
79190,G4500070
79233,G4500030
79583,G4500570
79640,G4500830
79783,G4500910
79885,G4500290
79955,G4500830
80041,G4500850
80170,G4500570
80229,G4500150
80339,G4500510
80446,G4500130
80509,G4500070
80567,G4500770
80627,G4500390
80713,G4500030
80725,G4500010
80771,G4500450
81207,G4500190
81453,G4500450
81525,G4500630
81658,G4500830
81692,G4500190
82116,G4500310
82190,G4500410
82194,G4500630
82435,G4500410
82592,G4500510
82817,G4500070
82832,G4500390
82844,G4500070
82858,G4500550
83013,G4500350
83118,G4500730
83155,G4500510
83160,G4500190
83238,G4500510
83341,G4500110
83440,G4500130
83583,G4500430
83620,G4500150
83717,G4500330
83808,G4500370
83813,G4500450
83845,G4500790
83885,G4500470
84037,G4500350
84172,G4500850
84175,G4500510
84189,G4500510
84215,G4500070
84220,G4500030
84247,G4500430
84421,G4500450
84593,G4500210
84626,G4500630
84657,G4500570
84745,G4500450
84861,G4500790
84901,G4500430
84915,G4500790
85252,G4500070
85274,G4500910
85392,G4500450
85521,G4500910
85820,G4500450
85891,G4500850
85927,G4500630
85995,G4500870
86055,G4500210
86122,G4500450
86130,G4500190
86154,G4500370
86268,G4500630
86331,G4500230
86396,G4500770
86423,G4500550
86679,G4500910
86732,G4500630
86777,G4500510
87098,G4500190
87131,G4500910
87466,G4500190
87536,G4500510
87552,G4500070
87763,G4500630
87815,G4500630
87827,G4500330
87869,G4500790
87900,G4500410
87935,G4500190
87992,G4500510
88024,G4500030
88175,G4500070
88190,G4500190
88305,G4500190
88435,G4500510
88528,G4500450
88541,G4500410
88654,G4500910
88867,G4500830
88920,G4500790
88969,G4500250
88998,G4500510
89000,G4500450
89254,G4500410
89535,G4500130
89596,G4500430
89711,G4500110
89793,G4500530
89884,G4500130
89991,G4500910
89995,G4500190
90053,G4500250
90095,G4500150
90227,G4500070
90249,G4500590
90259,G4500350
90320,G4500550
90375,G4500190
90469,G4500910
90539,G4500150
90700,G4500150
90841,G4500190
91004,G4500510
91077,G4500130
91094,G4500910
91114,G4500290
91173,G4500630
91285,G4500570
91389,G4500190
91520,G4500470
91572,G4500190
91651,G4500130
91773,G4500410
91964,G4500830
92042,G4500790
92067,G4500730
92084,G4500030
92095,G4500190
92106,G4500070
92156,G4500070
92169,G4500190
92220,G4500190
92279,G4500130
92476,G4500550
92533,G4500130
92598,G4500830
92667,G4500790
92686,G4500190
92742,G4500190
92769,G4500450
93063,G4500330
93120,G4500450
93133,G4500770
93290,G4500450
93306,G4500410
93393,G4500450
93405,G4500210
93480,G4500830
93632,G4500150
93677,G4500350
93784,G4500690
93794,G4500770
93841,G4500830
94134,G4500630
94234,G4500130
94469,G4500790
94689,G4500890
94804,G4500330
95094,G4500730
95190,G4500430
95304,G4500570
95462,G4500630
95477,G4500450
95486,G4500790
95576,G4500550
95628,G4500550
96136,G4500410
96295,G4500630
96481,G4500130
96691,G4500450
96701,G4500070
96794,G4500130
96795,G4500630
96853,G4500750
96990,G4500830
97108,G4500150
97110,G4500630
97158,G4500450
97162,G4500510
97301,G4500830
97473,G4500190
97679,G4500730
97728,G4500590
97729,G4500150
97791,G4500550
97829,G4500910
97982,G4500790
97997,G4500910
98000,G4500210
98010,G4500790
98056,G4500410
98136,G4500030
98289,G4500450
98312,G4500570
98473,G4500790
98644,G4500730
98711,G4500070
98779,G4500790
98829,G4500690
99047,G4500410
99110,G4500590
99189,G4500790
99256,G4500730
99282,G4500730
99308,G4500450
99488,G4500830
99562,G4500830
99778,G4500450
100015,G4500510
100020,G4500630
100105,G4500250
100164,G4500630
100287,G4500070
100540,G4500790
100623,G4500510
100694,G4500830
100768,G4500630
100821,G4500910
100907,G4500010
100970,G4500470
101025,G4500450
101256,G4500130
101260,G4500190
101310,G4500270
101336,G4500190
101361,G4500190
101567,G4500910
101585,G4500790
101735,G4500790
101754,G4500510
101841,G4500450
102037,G4500790
102063,G4500690
102065,G4500190
102072,G4500370
102378,G4500470
102468,G4500450
102575,G4500250
102598,G4500010
102606,G4500150
102652,G4500630
102677,G4500510
102682,G4500350
102764,G4500150
102966,G4500790
102968,G4500830
102976,G4500510
102987,G4500450
103127,G4500130
103204,G4500150
103213,G4500770
103316,G4500850
103401,G4500450
103412,G4500810
103573,G4500850
103686,G4500190
103711,G4500430
103776,G4500830
103848,G4500350
103950,G4500130
104032,G4500190
104124,G4500690
104276,G4500070
104342,G4500130
104772,G4500410
105008,G4500630
105114,G4500230
105173,G4500150
105234,G4500630
105432,G4500910
105434,G4500090
105452,G4500630
105557,G4500350
105777,G4500410
106029,G4500210
106203,G4500630
106229,G4500870
106252,G4500450
106347,G4500510
106359,G4500070
106364,G4500770
106531,G4500450
106554,G4500830
106558,G4500570
106588,G4500490
106606,G4500790
106614,G4500190
106650,G4500790
106699,G4500850
106723,G4500510
106755,G4500130
106839,G4500550
107045,G4500770
107360,G4500010
107701,G4500790
107760,G4500450
107763,G4500750
107793,G4500070
108013,G4500190
108300,G4500790
108393,G4500450
108625,G4500570
108690,G4500190
108706,G4500630
109189,G4500190
109205,G4500450
109226,G4500450
109424,G4500570
109443,G4500130
109705,G4500410
110058,G4500190
110072,G4500070
110107,G4500790
110113,G4500790
110114,G4500350
110168,G4500130
110270,G4500830
110319,G4500190
110330,G4500130
110571,G4500790
110590,G4500610
110624,G4500350
110676,G4500230
110690,G4500070
110778,G4500130
110791,G4500750
110792,G4500450
110817,G4500730
110969,G4500430
110987,G4500070
110989,G4500310
111057,G4500550
111104,G4500290
111111,G4500790
111232,G4500790
111719,G4500510
111876,G4500270
111897,G4500510
111968,G4500510
112055,G4500730
112106,G4500510
112148,G4500590
112168,G4500790
112209,G4500450
112227,G4500630
112292,G4500510
112336,G4500070
112489,G4500070
112512,G4500350
112571,G4500470
112811,G4500830
112833,G4500810
112838,G4500790
112935,G4500190
113050,G4500510
113205,G4500030
113243,G4500450
113415,G4500910
113497,G4500790
113625,G4500350
113638,G4500130
113688,G4500910
113711,G4500510
113791,G4500910
114035,G4500390
114036,G4500510
114165,G4500230
114167,G4500530
114175,G4500790
114236,G4500190
114394,G4500790
114407,G4500070
114508,G4500670
114612,G4500450
114714,G4500450
114756,G4500190
115108,G4500790
115129,G4500510
115369,G4500770
115384,G4500410
115431,G4500850
115438,G4500190
115446,G4500350
115484,G4500450
115504,G4500330
115529,G4500450
115590,G4500510
115598,G4500630
115885,G4500190
115992,G4500790
116306,G4500790
116337,G4500450
116394,G4500450
116512,G4500190
116563,G4500550
116759,G4500650
117177,G4500190
117283,G4500450
117414,G4500910
117428,G4500450
117466,G4500830
117471,G4500470
117986,G4500510
118017,G4500410
118118,G4500830
118262,G4500350
118477,G4500630
118499,G4500150
118507,G4500310
118696,G4500870
118717,G4500450
118756,G4500250
118783,G4500070
118814,G4500130
118895,G4500830
118951,G4500630
119053,G4500790
119089,G4500910
119093,G4500250
119165,G4500710
119311,G4500410
119463,G4500470
119499,G4500770
119605,G4500510
119606,G4500130
119613,G4500770
119709,G4500130
119741,G4500070
119969,G4500330
120048,G4500510
120307,G4500230
120308,G4500310
120394,G4500450
120399,G4500610
120826,G4500790
120936,G4500450
120953,G4500770
120970,G4500190
121016,G4500190
121080,G4500450
121342,G4500150
121408,G4500210
121464,G4500410
121497,G4500410
121598,G4500070
121616,G4500830
121619,G4500770
121646,G4500750
121682,G4500650
121939,G4500450
121991,G4500470
122200,G4500450
122367,G4500570
122468,G4500510
122474,G4500070
122593,G4500350
122619,G4500630
122693,G4500190
122785,G4500830
122860,G4500190
122879,G4500890
122944,G4500630
123023,G4500110
123027,G4500450
123091,G4500850
123193,G4500110
123217,G4500570
123262,G4500330
123394,G4500630
123503,G4500750
123602,G4500430
123703,G4500790
123713,G4500190
123844,G4500630
123955,G4500410
123987,G4500830
124139,G4500790
124178,G4500030
124332,G4500710
124391,G4500790
124423,G4500830
124446,G4500830
124541,G4500450
124574,G4500190
124597,G4500350
124625,G4500450
124682,G4500130
124767,G4500830
125035,G4500910
125104,G4500510
125265,G4500070
125286,G4500510
125678,G4500390
125701,G4500710
125732,G4500190
125816,G4500830
125864,G4500630
126031,G4500070
126035,G4500510
126042,G4500190
126251,G4500030
126255,G4500710
126343,G4500150
126401,G4500510
126471,G4500590
126522,G4500630
126584,G4500190
126708,G4500510
126714,G4500530
126807,G4500750
126845,G4500910
127056,G4500450
127106,G4500750
127178,G4500150
127193,G4500750
127261,G4500450
127379,G4500510
127411,G4500550
127412,G4500270
127711,G4500830
127802,G4500070
127804,G4500150
127896,G4500510
128051,G4500590
128207,G4500830
128261,G4500790
128274,G4500790
128527,G4500090
128553,G4500310
128567,G4500510
128772,G4500350
128824,G4500170
128899,G4500790
128996,G4500450
129187,G4500170
129198,G4500030
129237,G4500070
129271,G4500830
129321,G4500330
129449,G4500830
129456,G4500730
129489,G4500630
129528,G4500790
129574,G4500770
130136,G4500850
130278,G4500590
130302,G4500410
130315,G4500070
130318,G4500410
130481,G4500190
130489,G4500790
130503,G4500910
130507,G4500250
130851,G4500430
130944,G4500750
131004,G4500870
131132,G4500630
131202,G4500190
131351,G4500790
131382,G4500630
131523,G4500510
131555,G4500030
131560,G4500450
131590,G4500750
131726,G4500190
131771,G4500450
131873,G4500670
131920,G4500050
131951,G4500730
132161,G4500850
132225,G4500770
132240,G4500350
132321,G4500590
132331,G4500410
132386,G4500650
132636,G4500190
132674,G4500510
132775,G4500150
132779,G4500750
132826,G4500310
133005,G4500750
133236,G4500790
133285,G4500770
133331,G4500190
133388,G4500070
133456,G4500630
133521,G4500510
133598,G4500130
133664,G4500750
133689,G4500270
133832,G4500450
133840,G4500150
134024,G4500790
134089,G4500030
134267,G4500190
134275,G4500190
134280,G4500830
134454,G4500450
134509,G4500150
134523,G4500130
134679,G4500870
134726,G4500770
134817,G4500550
134828,G4500330
134833,G4500830
134863,G4500290
134895,G4500250
134998,G4500630
135057,G4500130
135296,G4500570
135334,G4500130
135485,G4500730
135520,G4500190
135528,G4500830
135682,G4500830
135778,G4500750
135925,G4500570
135955,G4500310
135957,G4500350
135973,G4500190
136048,G4500310
136056,G4500310
136066,G4500750
136076,G4500790
136236,G4500810
136358,G4500830
136421,G4500810
136450,G4500830
136594,G4500450
136725,G4500350
136827,G4500450
137044,G4500790
137045,G4500410
137154,G4500510
137194,G4500830
137383,G4500450
137397,G4500830
137588,G4500730
137744,G4500610
137915,G4500510
137916,G4500030
138003,G4500130
138138,G4500430
138204,G4500410
138301,G4500030
138311,G4500770
138370,G4500150
138423,G4500790
138425,G4500150
138496,G4500190
138596,G4500730
138633,G4500130
138839,G4500870
138870,G4500510
139044,G4500450
139268,G4500190
139327,G4500850
139608,G4500190
139874,G4500910
139966,G4500150
140191,G4500310
140223,G4500150
140619,G4500430
140651,G4500790
140726,G4500070
140769,G4500190
140828,G4500790
140922,G4500190
140928,G4500790
140933,G4500190
141114,G4500910
141180,G4500790
141195,G4500830
141361,G4500030
141425,G4500910
141470,G4500270
141473,G4500850
141551,G4500770
141608,G4500630
142002,G4500910
142109,G4500190
142304,G4500270
142354,G4500190
142408,G4500910
142432,G4500850
142516,G4500190
142730,G4500450
142919,G4500530
142980,G4500510
143132,G4500750
143141,G4500330
143297,G4500410
143404,G4500130
143508,G4500130
143635,G4500630
143832,G4500450
143926,G4500250
143973,G4500070
144007,G4500190
144112,G4500510
144130,G4500630
144188,G4500030
144192,G4500590
144404,G4500830
144621,G4500270
144763,G4500910
144822,G4500710
144853,G4500130
144855,G4500830
144890,G4500510
144956,G4500830
145093,G4500410
145094,G4500190
145141,G4500310
145200,G4500830
145297,G4500790
145317,G4500790
145456,G4500830
145496,G4500450
145597,G4500450
145702,G4500730
145761,G4500450
145861,G4500450
145887,G4500730
145955,G4500450
145994,G4500190
146084,G4500330
146329,G4500190
146532,G4500730
146544,G4500250
146568,G4500150
146834,G4500030
146939,G4500650
146982,G4500510
147088,G4500790
147162,G4500790
147282,G4500410
147300,G4500410
147323,G4500830
147359,G4500310
147472,G4500450
147478,G4500630
147497,G4500450
147554,G4500450
147663,G4500770
147670,G4500770
147770,G4500830
147782,G4500010
147804,G4500790
147852,G4500430
147872,G4500910
147953,G4500770
147966,G4500070
148078,G4500730
148250,G4500750
148291,G4500790
148300,G4500190
148402,G4500410
148429,G4500230
148643,G4500330
148675,G4500510
148746,G4500710
148846,G4500190
148889,G4500870
148944,G4500510
148981,G4500190
149119,G4500030
149236,G4500450
149535,G4500510
149662,G4500590
149761,G4500910
149782,G4500910
149827,G4500450
149840,G4500070
149980,G4500710
150097,G4500170
150119,G4500230
150184,G4500690
150394,G4500630
150441,G4500510
150536,G4500130
150623,G4500230
150721,G4500550
150750,G4500630
150953,G4500030
150975,G4500850
151081,G4500070
151086,G4500450
151101,G4500350
151141,G4500510
151266,G4500190
151291,G4500030
151705,G4500510
151741,G4500130
151772,G4500450
151891,G4500730
152101,G4500510
152385,G4500410
152479,G4500130
152486,G4500210
152536,G4500830
152734,G4500630
152776,G4500630
152797,G4500790
152992,G4500630
153068,G4500190
153207,G4500190
153232,G4500630
153323,G4500570
153515,G4500830
153528,G4500510
153538,G4500070
153607,G4500290
153617,G4500790
153712,G4500910
153717,G4500790
153742,G4500150
153746,G4500410
153753,G4500190
153773,G4500050
153775,G4500910
154137,G4500450
154286,G4500510
154494,G4500850
154605,G4500190
154817,G4500510
154831,G4500110
154859,G4500450
154892,G4500590
155113,G4500830
155189,G4500130
155233,G4500570
155457,G4500770
155460,G4500070
155813,G4500110
155927,G4500510
155941,G4500130
156046,G4500850
156173,G4500750
156175,G4500030
156254,G4500890
156270,G4500190
156293,G4500410
156443,G4500770
156758,G4500910
156769,G4500770
156797,G4500910
156829,G4500850
156931,G4500450
156934,G4500190
156953,G4500630
157745,G4500350
157941,G4500270
157987,G4500910
158148,G4500450
158151,G4500030
158154,G4500370
158365,G4500630
158482,G4500350
158608,G4500350
158677,G4500330
158767,G4500450
158871,G4500830
159126,G4500070
159156,G4500450
159185,G4500450
159474,G4500710
159477,G4500570
159488,G4500510
159501,G4500910
159613,G4500630
159641,G4500910
159795,G4500770
159973,G4500510
160274,G4500430
160277,G4500790
160291,G4500910
160386,G4500730
160451,G4500450
160457,G4500450
160506,G4500130
160553,G4500870
160566,G4500910
160591,G4500710
160779,G4500790
160836,G4500350
161061,G4500590
161068,G4500630
161089,G4500510
161112,G4500410
161235,G4500330
161270,G4500550
161315,G4500150
161345,G4500030
161704,G4500150
161729,G4500370
161826,G4500630
161958,G4500570
162002,G4500910
162033,G4500450
162182,G4500590
162280,G4500750
162387,G4500510
162389,G4500630
162469,G4500510
162892,G4500410
163031,G4500190
163303,G4500630
163327,G4500070
163441,G4500070
163447,G4500450
163826,G4500030
163932,G4500150
164000,G4500450
164039,G4500450
164336,G4500550
164461,G4500910
164599,G4500190
164661,G4500350
164707,G4500410
165075,G4500190
165252,G4500290
165268,G4500790
165303,G4500550
165367,G4500750
165397,G4500190
165523,G4500330
165524,G4500130
165581,G4500290
165648,G4500830
165790,G4500830
165841,G4500130
165895,G4500070
166029,G4500750
166134,G4500910
166188,G4500070
166253,G4500070
166359,G4500450
166440,G4500210
166509,G4500150
166634,G4500910
166649,G4500030
166694,G4500790
166704,G4500450
166737,G4500030
166754,G4500870
166792,G4500910
166822,G4500190
166890,G4500350
166922,G4500210
166953,G4500190
167456,G4500310
167464,G4500070
167542,G4500770
167605,G4500070
167612,G4500330
167646,G4500270
167834,G4500850
167860,G4500450
167980,G4500410
168255,G4500630
168267,G4500190
168335,G4500850
168516,G4500590
168664,G4500750
168668,G4500130
168794,G4500190
168824,G4500190
168909,G4500510
168967,G4500150
169021,G4500230
169104,G4500190
169114,G4500150
169170,G4500630
169567,G4500390
169586,G4500450
169664,G4500190
169672,G4500530
169687,G4500550
169721,G4500790
169840,G4500910
169845,G4500750
169962,G4500850
170267,G4500190
170287,G4500510
170302,G4500590
170513,G4500830
170525,G4500450
170869,G4500790
170954,G4500450
171232,G4500070
171383,G4500830
171385,G4500070
171423,G4500190
171436,G4500130
171455,G4500190
171649,G4500550
171664,G4500250
171866,G4500670
172022,G4500450
172025,G4500410
172106,G4500310
172136,G4500690
172160,G4500630
172279,G4500450
172342,G4500190
172404,G4500750
172428,G4500130
172543,G4500830
172571,G4500850
172672,G4500410
172754,G4500070
172840,G4500790
172892,G4500510
172924,G4500130
172934,G4500790
172994,G4500450
173006,G4500130
173244,G4500230
173317,G4500830
173425,G4500190
173667,G4500450
173693,G4500610
173828,G4500030
173882,G4500750
173956,G4500590
174091,G4500830
174103,G4500150
174161,G4500510
174162,G4500830
174191,G4500510
174310,G4500630
174323,G4500750
174344,G4500790
174418,G4500070
174426,G4500630
174562,G4500130
174683,G4500630
174693,G4500830
174804,G4500510
174809,G4500530
174941,G4500450
174970,G4500190
175260,G4500790
175322,G4500190
175673,G4500450
175724,G4500630
175819,G4500130
175884,G4500190
175935,G4500310
175939,G4500450
175948,G4500790
175959,G4500450
176175,G4500450
176206,G4500630
176228,G4500790
176424,G4500790
176470,G4500150
176692,G4500570
176945,G4500190
176948,G4500910
177072,G4500470
177338,G4500830
177391,G4500270
177429,G4500450
177469,G4500450
177486,G4500630
177503,G4500510
177720,G4500910
177800,G4500030
177818,G4500070
178258,G4500410
178271,G4500370
178310,G4500390
178336,G4500450
178662,G4500230
178819,G4500070
178851,G4500790
178932,G4500570
179042,G4500190
179166,G4500790
179208,G4500410
179251,G4500790
179306,G4500630
179350,G4500450
179654,G4500290
179732,G4500830
179762,G4500270
179786,G4500390
179963,G4500190
180224,G4500310
180344,G4500630
180358,G4500450
180612,G4500390
180659,G4500290
180828,G4500030
180894,G4500070
180931,G4500190
180942,G4500450
181182,G4500850
181196,G4500070
181331,G4500750
181460,G4500450
181572,G4500830
181695,G4500030
181705,G4500190
181726,G4500530
181731,G4500770
181929,G4500110
182170,G4500450
182172,G4500450
182232,G4500450
182714,G4500010
182913,G4500770
183311,G4500130
183329,G4500390
183363,G4500910
183380,G4500910
183394,G4500190
183473,G4500190
183528,G4500070
183800,G4500450
183828,G4500450
183878,G4500570
184044,G4500590
184065,G4500910
184079,G4500450
184115,G4500450
184123,G4500910
184221,G4500910
184332,G4500030
184432,G4500830
184597,G4500630
184769,G4500790
184935,G4500510
184978,G4500450
185013,G4500770
185048,G4500210
185086,G4500030
185252,G4500470
185271,G4500450
185397,G4500130
185482,G4500770
185757,G4500130
185806,G4500790
185951,G4500190
186242,G4500230
186326,G4500830
186337,G4500450
186445,G4500690
186517,G4500350
186673,G4500510
186688,G4500790
186812,G4500910
186846,G4500190
186864,G4500690
187008,G4500190
187030,G4500530
187111,G4500910
187202,G4500910
187229,G4500030
187320,G4500790
187343,G4500210
187375,G4500410
187490,G4500030
187828,G4500190
187936,G4500510
188187,G4500030
188211,G4500850
188467,G4500790
188509,G4500890
188520,G4500790
188527,G4500450
188922,G4500030
189015,G4500150
189172,G4500170
189178,G4500830
189196,G4500830
189294,G4500510
189316,G4500450
189452,G4500430
189499,G4500450
189636,G4500830
189747,G4500910
189793,G4500070
189969,G4500510
190024,G4500070
190053,G4500430
190146,G4500430
190258,G4500130
190429,G4500550
190703,G4500190
190812,G4500470
191001,G4500810
191015,G4500830
191077,G4500310
191084,G4500210
191123,G4500130
191204,G4500770
191258,G4500790
191287,G4500250
191543,G4500310
192150,G4500070
192298,G4500450
192306,G4500830
192315,G4500770
192326,G4500510
192420,G4500530
192454,G4500830
192473,G4500450
192505,G4500450
192552,G4500910
192666,G4500190
192683,G4500830
192959,G4500770
193018,G4500830
193041,G4500630
193073,G4500910
193152,G4500830
193157,G4500570
193197,G4500230
193200,G4500450
193412,G4500450
193548,G4500070
193618,G4500550
193681,G4500450
193718,G4500510
193756,G4500090
193855,G4500030
194315,G4500030
194409,G4500130
194426,G4500190
194481,G4500410
194501,G4500450
194524,G4500510
194567,G4500590
194578,G4500210
194656,G4500790
194809,G4500310
194880,G4500510
194924,G4500630
195030,G4500030
195169,G4500030
195425,G4500450
195509,G4500510
195530,G4500790
195774,G4500210
195836,G4500910
195852,G4500790
196042,G4500710
196098,G4500350
196102,G4500150
196132,G4500870
196371,G4500370
196429,G4500790
196439,G4500350
196580,G4500190
196652,G4500790
196677,G4500790
196831,G4500030
196933,G4500830
196944,G4500450
196963,G4500710
197103,G4500050
197127,G4500790
197153,G4500090
197167,G4500150
197212,G4500070
197276,G4500250
197608,G4500430
197856,G4500370
197862,G4500790
197930,G4500450
197971,G4500130
198001,G4500450
198093,G4500450
198216,G4500710
198235,G4500090
198471,G4500030
198483,G4500790
198643,G4500350
198937,G4500450
199054,G4500510
199125,G4500570
199190,G4500390
199266,G4500070
199270,G4500850
199536,G4500770
199537,G4500070
200034,G4500030
200074,G4500030
200188,G4500570
200232,G4500510
200361,G4500250
200503,G4500150
200651,G4500450
200657,G4500570
200721,G4500510
200860,G4500350
200916,G4500810
200942,G4500450
200963,G4500910
201063,G4500450
201076,G4500150
201202,G4500370
201563,G4500550
201753,G4500790
202362,G4500730
202376,G4500450
202437,G4500150
202542,G4500630
202629,G4500770
202735,G4500850
202751,G4500190
202826,G4500350
202975,G4500750
203223,G4500630
203328,G4500830
203355,G4500190
203415,G4500190
203513,G4500210
203559,G4500410
203576,G4500430
203971,G4500790
203993,G4500830
204024,G4500630
204125,G4500630
204353,G4500330
204413,G4500190
204442,G4500470
204580,G4500550
204843,G4500590
204880,G4500630
205123,G4500510
205210,G4500190
205371,G4500630
205377,G4500470
205525,G4500030
205629,G4500630
205647,G4500150
205726,G4500630
205782,G4500370
205900,G4500270
206124,G4500510
206143,G4500190
206233,G4500870
206378,G4500550
206383,G4500250
206427,G4500070
206526,G4500550
206693,G4500910
206714,G4500190
206764,G4500070
207031,G4500510
207055,G4500350
207058,G4500450
207099,G4500030
207123,G4500770
207125,G4500630
207176,G4500310
207223,G4500630
207297,G4500910
207405,G4500450
207425,G4500030
207620,G4500230
207691,G4500790
207699,G4500510
207834,G4500630
207901,G4500790
207943,G4500450
208068,G4500450
208178,G4500830
208257,G4500510
208279,G4500130
208341,G4500750
208371,G4500510
208651,G4500830
208837,G4500450
208947,G4500150
208994,G4500110
209075,G4500190
209094,G4500630
209172,G4500790
209210,G4500070
209373,G4500430
209530,G4500850
209666,G4500190
209727,G4500570
209788,G4500350
209826,G4500070
209856,G4500630
209884,G4500770
209888,G4500450
209916,G4500130
209925,G4500530
209953,G4500830
210249,G4500910
210458,G4500290
210637,G4500550
210690,G4500350
210705,G4500830
210790,G4500510
210933,G4500910
210984,G4500550
211075,G4500630
211110,G4500070
211162,G4500910
211369,G4500390
211416,G4500210
211555,G4500610
211671,G4500450
212106,G4500710
212252,G4500510
212280,G4500130
212289,G4500850
212399,G4500590
212438,G4500510
212450,G4500510
212543,G4500070
212624,G4500510
212659,G4500510
212727,G4500070
212797,G4500830
212851,G4500310
213067,G4500390
213255,G4500510
213313,G4500410
213330,G4500510
213979,G4500510
214222,G4500210
214264,G4500030
214297,G4500710
214301,G4500510
214324,G4500130
214392,G4500070
214522,G4500830
214769,G4500290
214816,G4500130
214991,G4500830
215101,G4500130
215141,G4500850
215269,G4500450
215379,G4500310
215505,G4500730
215513,G4500830
215797,G4500830
215849,G4500830
215865,G4500830
215875,G4500510
216097,G4500630
216640,G4500910
216874,G4500030
216941,G4500450
217015,G4500690
217074,G4500790
217127,G4500270
217241,G4500790
217271,G4500190
217274,G4500510
217317,G4500370
217392,G4500770
217426,G4500190
217665,G4500910
217760,G4500450
217951,G4500910
218025,G4500070
218179,G4500350
218373,G4500630
218503,G4500630
218528,G4500690
218544,G4500850
218589,G4500850
218731,G4500790
218916,G4500830
219004,G4500750
219130,G4500030
219207,G4500110
219578,G4500190
219665,G4500850
219668,G4500410
219745,G4500910
219754,G4500450
219775,G4500830
220041,G4500450
220071,G4500190
220081,G4500910
220168,G4500350
220188,G4500470
220411,G4500070
220413,G4500110
220628,G4500830
220654,G4500790
220758,G4500410
220838,G4500350
220892,G4500890
220972,G4500730
221069,G4500630
221299,G4500710
221352,G4500450
221369,G4500010
221379,G4500790
221417,G4500730
221532,G4500130
221634,G4500730
221711,G4500150
221796,G4500630
221888,G4500450
221912,G4500230
222056,G4500470
222322,G4500030
222342,G4500450
222371,G4500350
222587,G4500070
222607,G4500450
223105,G4500450
223176,G4500790
223384,G4500150
223405,G4500630
223411,G4500130
223580,G4500390
223642,G4500910
223712,G4500450
223814,G4500870
223994,G4500190
224104,G4500790
224132,G4500030
224243,G4500350
224429,G4500030
224541,G4500030
224699,G4500210
224764,G4500150
224833,G4500770
224865,G4500450
224962,G4500450
224985,G4500430
225063,G4500790
225162,G4500270
225247,G4500190
225332,G4500190
225404,G4500430
225412,G4500330
225513,G4500410
225749,G4500070
225837,G4500910
225919,G4500570
226002,G4500510
226025,G4500430
226133,G4500830
226138,G4500450
226786,G4500570
226818,G4500730
227002,G4500450
227070,G4500130
227084,G4500630
227184,G4500350
227394,G4500190
227397,G4500570
227421,G4500070
227723,G4500410
227728,G4500470
227767,G4500190
227833,G4500350
227870,G4500030
227890,G4500410
228607,G4500090
228649,G4500310
228670,G4500590
228730,G4500790
228800,G4500590
228818,G4500030
228885,G4500570
228891,G4500910
228907,G4500830
228931,G4500750
229065,G4500410
229090,G4500070
229157,G4500150
229217,G4500450
229295,G4500510
229297,G4500150
229372,G4500510
229538,G4500750
229645,G4500830
229675,G4500150
229800,G4500570
229949,G4500410
230082,G4500510
230162,G4500790
230167,G4500030
230253,G4500450
230293,G4500130
230516,G4500030
230663,G4500450
230774,G4500130
230820,G4500830
231066,G4500750
231315,G4500350
231362,G4500450
231372,G4500790
231374,G4500830
231394,G4500290
231422,G4500070
231436,G4500030
231747,G4500570
231845,G4500450
232015,G4500910
232036,G4500310
232276,G4500130
232301,G4500190
232337,G4500830
232346,G4500030
232365,G4500150
232399,G4500590
232527,G4500070
232570,G4500810
232589,G4500790
232639,G4500190
232666,G4500670
232693,G4500770
232697,G4500590
232717,G4500570
232730,G4500570
232770,G4500030
232813,G4500790
233011,G4500850
233145,G4500650
233297,G4500550
233413,G4500510
233462,G4500830
233698,G4500470
233835,G4500070
233911,G4500770
234003,G4500450
234082,G4500450
234084,G4500910
234170,G4500830
234197,G4500030
234271,G4500010
234412,G4500830
234460,G4500630
234515,G4500450
234721,G4500790
234855,G4500910
234990,G4500790
235447,G4500450
235486,G4500130
236014,G4500250
236167,G4500630
236209,G4500150
236267,G4500510
236522,G4500370
236739,G4500410
236747,G4500190
236912,G4500150
236913,G4500790
236916,G4500510
237371,G4500510
237535,G4500030
237543,G4500230
237695,G4500590
237860,G4500790
237953,G4500830
237975,G4500450
237990,G4500790
238007,G4500310
238051,G4500510
238180,G4500450
238368,G4500410
238478,G4500030
238596,G4500350
238618,G4500910
238705,G4500790
238720,G4500510
238768,G4500550
238787,G4500450
238978,G4500070
239002,G4500790
239498,G4500790
239598,G4500770
239643,G4500190
239703,G4500230
239875,G4500790
239939,G4500510
239951,G4500070
240140,G4500510
240199,G4500630
240226,G4500850
240306,G4500190
240314,G4500870
240384,G4500450
240695,G4500570
240721,G4500470
240861,G4500910
240917,G4500070
241401,G4500730
241449,G4500910
241585,G4500130
241639,G4500070
241708,G4500210
241829,G4500310
241912,G4500850
242154,G4500450
242178,G4500410
242217,G4500630
242267,G4500150
242371,G4500010
242372,G4500590
242375,G4500250
242500,G4500150
242680,G4500630
242924,G4500450
243128,G4500470
243158,G4500350
243160,G4500190
243162,G4500190
243429,G4500150
243471,G4500790
243669,G4500850
243677,G4500730
243858,G4500850
243909,G4500070
243952,G4500030
243970,G4500070
244014,G4500450
244067,G4500830
244072,G4500830
244143,G4500630
244261,G4500450
244361,G4500750
244447,G4500590
244543,G4500450
244677,G4500390
244836,G4500130
244858,G4500130
244933,G4500070
244988,G4500630
245055,G4500770
245105,G4500790
245225,G4500150
245355,G4500790
245394,G4500910
245404,G4500630
245412,G4500430
245572,G4500790
245591,G4500190
245686,G4500450
245893,G4500790
245989,G4500770
246025,G4500030
246062,G4500550
246085,G4500190
246212,G4500830
246213,G4500510
246257,G4500410
246328,G4500790
246418,G4500190
246526,G4500370
246572,G4500830
246587,G4500030
246795,G4500150
246986,G4500590
247057,G4500110
247220,G4500550
247229,G4500890
247244,G4500830
247775,G4500450
247898,G4500510
247954,G4500570
248017,G4500790
248114,G4500450
248222,G4500450
248255,G4500070
248362,G4500830
248381,G4500070
248399,G4500910
248431,G4500790
248578,G4500450
248613,G4500070
248660,G4500030
248677,G4500410
248733,G4500450
249124,G4500410
249209,G4500410
249293,G4500430
249295,G4500070
249407,G4500470
249426,G4500450
249479,G4500130
249513,G4500190
249562,G4500130
249570,G4500630
249589,G4500910
249664,G4500210
249669,G4500770
249713,G4500450
249817,G4500410
249824,G4500790
249930,G4500850
250191,G4500770
250316,G4500450
250374,G4500830
250376,G4500510
250534,G4500790
250592,G4500590
250602,G4500350
250648,G4500450
250680,G4500830
250718,G4500170
250867,G4500310
250910,G4500770
250924,G4500910
251079,G4500470
251524,G4500450
251589,G4500570
251741,G4500770
251819,G4500850
252030,G4500450
252173,G4500710
252215,G4500630
252218,G4500130
252525,G4500150
252577,G4500910
252755,G4500450
252961,G4500590
253015,G4500450
253091,G4500630
253607,G4500390
253636,G4500870
253643,G4500650
253659,G4500830
253678,G4500830
253730,G4500190
253742,G4500910
253753,G4500910
253823,G4500830
253832,G4500890
253867,G4500610
253884,G4500450
253899,G4500830
253964,G4500830
254051,G4500450
254161,G4500810
254229,G4500270
254294,G4500630
254324,G4500450
254641,G4500250
254654,G4500070
254902,G4500510
255006,G4500510
255104,G4500510
255253,G4500450
255284,G4500850
255565,G4500350
255698,G4500790
255723,G4500430
255736,G4500910
256018,G4500630
256084,G4500670
256134,G4500850
256210,G4500870
256553,G4500550
256735,G4500750
256783,G4500550
257141,G4500550
257222,G4500630
257391,G4500830
257560,G4500870
257714,G4500430
257810,G4500790
258071,G4500690
258144,G4500030
258478,G4500070
258491,G4500730
258649,G4500210
258708,G4500470
258724,G4500630
258923,G4500510
259036,G4500350
259146,G4500630
259174,G4500510
259244,G4500210
259248,G4500450
259340,G4500910
259426,G4500450
259463,G4500630
259518,G4500450
259569,G4500790
259582,G4500830
259727,G4500830
259732,G4500790
259738,G4500910
260194,G4500850
260292,G4500550
260383,G4500030
260489,G4500450
260510,G4500030
260549,G4500070
260707,G4500130
260928,G4500650
260947,G4500070
260952,G4500190
261022,G4500910
261061,G4500310
261090,G4500790
261102,G4500910
261141,G4500130
261143,G4500190
261196,G4500630
261296,G4500450
261339,G4500150
261511,G4500870
261542,G4500350
261583,G4500150
261619,G4500350
261626,G4500790
261706,G4500670
261707,G4500430
262029,G4500570
262141,G4500510
262161,G4500190
262190,G4500770
262341,G4500190
262365,G4500370
262384,G4500390
262578,G4500630
262826,G4500790
262872,G4500830
262900,G4500830
262916,G4500630
263041,G4500890
263096,G4500610
263375,G4500150
263376,G4500250
263524,G4500790
263577,G4500070
263604,G4500510
263638,G4500510
263689,G4500250
263701,G4500730
263938,G4500510
264018,G4500470
264027,G4500470
264111,G4500190
264176,G4500510
264228,G4500550
264298,G4500630
264350,G4500910
264655,G4500770
264693,G4500410
264737,G4500350
264830,G4500590
264963,G4500790
264968,G4500190
265096,G4500030
265226,G4500630
265485,G4500770
265609,G4500910
265641,G4500070
266005,G4500310
266113,G4500450
266455,G4500190
266465,G4500190
266474,G4500450
266477,G4500450
266609,G4500750
266741,G4500450
266840,G4500630
266847,G4500450
266889,G4500850
267041,G4500030
267265,G4500910
267310,G4500150
267443,G4500850
267473,G4500310
267521,G4500890
267761,G4500510
267763,G4500030
267768,G4500470
267818,G4500030
267879,G4500470
267992,G4500030
268017,G4500910
268226,G4500450
268257,G4500730
268341,G4500690
268375,G4500030
268379,G4500910
268449,G4500790
268507,G4500190
268655,G4500070
268693,G4500630
268802,G4500190
268947,G4500410
269070,G4500450
269077,G4500830
269403,G4500030
269492,G4500350
269498,G4500790
269561,G4500850
269694,G4500770
269845,G4500790
269859,G4500150
269869,G4500070
270023,G4500630
270215,G4500830
270286,G4500910
270423,G4500210
270636,G4500150
271014,G4500450
271054,G4500510
271060,G4500650
271163,G4500710
271164,G4500770
271617,G4500830
271655,G4500690
271856,G4500570
272330,G4500450
272466,G4500030
272780,G4500190
272813,G4500510
272934,G4500510
273002,G4500710
273044,G4500850
273046,G4500590
273162,G4500210
273326,G4500830
273335,G4500130
273361,G4500910
273449,G4500350
273625,G4500750
273829,G4500550
273912,G4500070
274027,G4500070
274184,G4500710
274305,G4500510
274323,G4500210
274523,G4500070
274664,G4500450
274776,G4500550
274797,G4500510
274947,G4500630
275158,G4500790
275359,G4500410
275658,G4500790
275725,G4500830
275868,G4500530
275981,G4500030
276164,G4500790
276317,G4500070
276357,G4500510
276373,G4500330
276389,G4500130
276455,G4500310
276613,G4500370
276621,G4500190
276653,G4500330
276761,G4500130
276948,G4500530
276993,G4500730
277012,G4500510
277061,G4500310
277125,G4500410
277187,G4500790
277242,G4500050
277404,G4500450
277601,G4500690
277716,G4500450
277863,G4500830
277961,G4500030
278131,G4500030
278194,G4500770
278242,G4500630
278278,G4500030
278443,G4500630
278519,G4500570
278522,G4500750
278593,G4500830
278659,G4500450
278704,G4500790
278719,G4500590
278750,G4500510
278783,G4500190
279042,G4500830
279055,G4500650
279304,G4500910
279363,G4500730
279809,G4500130
280008,G4500790
280133,G4500630
280250,G4500510
280575,G4500190
280588,G4500450
280658,G4500790
280672,G4500830
280712,G4500310
280975,G4500450
281084,G4500150
281234,G4500790
281249,G4500370
281510,G4500790
281546,G4500910
281617,G4500130
281722,G4500130
281753,G4500130
281793,G4500870
281801,G4500430
281810,G4500790
281883,G4500450
281886,G4500210
281891,G4500070
281919,G4500430
281994,G4500430
282062,G4500190
282154,G4500150
282235,G4500070
282258,G4500670
282328,G4500510
282386,G4500630
282429,G4500430
282561,G4500630
282582,G4500310
282648,G4500630
282656,G4500910
282677,G4500190
282799,G4500350
282878,G4500890
282932,G4500290
283069,G4500130
283119,G4500130
283178,G4500790
283296,G4500070
283544,G4500370
283598,G4500090
283611,G4500790
283760,G4500310
284016,G4500830
284132,G4500790
284165,G4500770
284351,G4500450
284375,G4500190
284428,G4500910
284470,G4500190
284548,G4500410
284760,G4500890
285066,G4500590
285236,G4500830
285281,G4500630
285404,G4500450
285503,G4500910
285527,G4500110
285760,G4500510
285849,G4500450
285879,G4500190
286072,G4500790
286083,G4500790
286167,G4500070
286189,G4500590
286448,G4500630
286494,G4500130
286603,G4500910
286642,G4500790
286643,G4500010
286716,G4500070
286773,G4500190
286791,G4500450
286804,G4500450
286865,G4500230
286904,G4500070
287080,G4500450
287266,G4500190
287268,G4500130
287291,G4500450
287330,G4500790
287389,G4500770
287408,G4500150
287419,G4500130
287729,G4500350
287767,G4500430
287811,G4500110
287827,G4500750
287850,G4500450
287924,G4500510
288042,G4500830
288115,G4500410
288188,G4500190
288647,G4500890
288688,G4500790
288740,G4500790
288995,G4500310
289369,G4500530
289407,G4500190
289408,G4500790
289513,G4500790
289676,G4500450
289685,G4500510
289747,G4500130
289937,G4500910
290059,G4500190
290068,G4500190
290138,G4500530
290152,G4500910
290333,G4500450
290391,G4500910
290575,G4500070
290687,G4500350
290711,G4500510
290839,G4500430
290883,G4500370
290937,G4500350
291058,G4500790
291103,G4500510
291166,G4500430
291172,G4500430
291183,G4500510
291427,G4500030
291587,G4500470
291688,G4500350
291699,G4500830
291718,G4500730
291807,G4500750
291817,G4500190
291920,G4500450
292104,G4500130
292110,G4500450
292336,G4500230
292753,G4500730
292789,G4500190
293129,G4500630
293273,G4500430
293348,G4500130
293351,G4500850
293382,G4500310
293431,G4500390
293473,G4500430
293482,G4500410
293604,G4500410
293787,G4500450
293813,G4500510
293851,G4500390
293867,G4500630
293874,G4500910
293903,G4500870
294157,G4500830
294214,G4500190
294268,G4500510
294333,G4500130
294649,G4500450
294652,G4500450
294695,G4500630
294974,G4500390
294986,G4500710
294989,G4500310
295056,G4500250
295120,G4500070
295123,G4500610
295609,G4500370
295642,G4500410
295785,G4500470
295810,G4500590
295835,G4500130
295866,G4500790
295868,G4500150
295891,G4500530
295924,G4500790
295973,G4500770
296072,G4500470
296273,G4500130
296384,G4500790
296478,G4500270
296732,G4500830
296786,G4500130
296793,G4500790
296839,G4500370
296938,G4500530
297057,G4500510
297304,G4500410
297336,G4500190
297551,G4500450
297812,G4500390
297890,G4500190
297913,G4500630
298115,G4500550
298170,G4500790
298256,G4500770
298387,G4500450
298442,G4500510
298519,G4500030
298589,G4500830
298633,G4500630
298796,G4500750
298803,G4500410
298872,G4500630
299217,G4500630
299299,G4500690
299346,G4500410
299402,G4500630
299441,G4500910
299483,G4500710
299534,G4500030
299608,G4500830
299623,G4500130
299630,G4500450
299811,G4500450
299964,G4500510
300048,G4500510
300093,G4500430
300201,G4500830
300227,G4500310
300314,G4500270
300352,G4500450
300425,G4500630
300501,G4500470
300576,G4500590
300791,G4500710
300952,G4500630
300991,G4500070
301154,G4500670
301201,G4500650
301541,G4500150
301740,G4500470
301759,G4500830
301815,G4500710
301982,G4500150
302061,G4500830
302112,G4500830
302258,G4500630
302278,G4500450
302673,G4500190
302708,G4500910
302736,G4500030
302762,G4500830
302820,G4500510
302929,G4500590
302969,G4500690
303044,G4500830
303138,G4500450
303181,G4500190
303225,G4500830
303665,G4500150
303703,G4500410
303802,G4500790
303876,G4500190
304010,G4500450
304088,G4500130
304183,G4500550
304270,G4500510
304582,G4500610
304724,G4500450
304737,G4500910
304832,G4500710
305027,G4500430
305274,G4500570
305372,G4500630
305414,G4500710
305830,G4500910
306001,G4500630
306066,G4500350
306481,G4500830
306488,G4500350
306502,G4500250
306573,G4500910
306647,G4500790
306689,G4500510
306717,G4500790
306816,G4500630
306850,G4500790
306901,G4500130
307298,G4500510
307546,G4500130
307750,G4500730
307791,G4500570
308290,G4500510
308427,G4500770
308509,G4500450
308519,G4500750
308664,G4500510
308882,G4500510
308887,G4500190
308995,G4500790
309139,G4500310
309154,G4500290
309163,G4500470
309167,G4500710
309179,G4500150
309193,G4500910
309298,G4500590
309308,G4500190
309435,G4500790
309493,G4500730
309667,G4500910
309682,G4500630
309801,G4500030
309823,G4500130
309943,G4500590
310114,G4500570
310274,G4500190
310325,G4500030
310357,G4500450
310479,G4500450
310501,G4500450
310664,G4500130
310731,G4500830
310840,G4500910
311139,G4500630
311239,G4500110
311488,G4500070
311495,G4500770
311618,G4500770
311715,G4500190
311722,G4500510
311901,G4500190
311911,G4500130
311924,G4500510
311970,G4500450
312064,G4500310
312173,G4500190
312425,G4500190
312440,G4500450
312478,G4500570
312566,G4500190
312606,G4500310
312618,G4500670
312778,G4500150
312858,G4500510
312890,G4500710
312955,G4500130
313003,G4500150
313040,G4500770
313085,G4500550
313133,G4500510
313261,G4500850
313509,G4500630
313534,G4500130
313739,G4500510
313766,G4500190
313877,G4500030
313878,G4500130
313920,G4500790
313924,G4500510
313978,G4500790
313980,G4500910
313993,G4500910
313994,G4500750
314002,G4500370
314169,G4500210
314209,G4500730
314315,G4500830
314353,G4500430
314405,G4500750
314408,G4500910
314451,G4500470
314453,G4500790
314467,G4500910
314647,G4500350
314667,G4500630
314789,G4500590
315183,G4500830
315341,G4500790
315378,G4500450
315383,G4500470
315470,G4500450
315508,G4500630
315594,G4500790
315629,G4500630
315682,G4500790
315716,G4500510
315728,G4500190
315786,G4500630
315907,G4500770
315917,G4500450
315952,G4500250
315972,G4500450
316126,G4500510
316164,G4500790
316373,G4500190
316625,G4500130
316698,G4500090
316711,G4500830
316735,G4500770
316859,G4500450
316907,G4500830
317125,G4500470
317294,G4500450
317332,G4500850
317378,G4500550
317558,G4500510
317664,G4500150
317708,G4500450
317709,G4500430
317721,G4500450
317854,G4500130
318122,G4500470
318449,G4500450
318597,G4500030
318652,G4500850
318688,G4500630
318724,G4500250
318749,G4500830
318801,G4500510
319039,G4500450
319093,G4500190
319159,G4500590
319198,G4500450
319550,G4500030
319594,G4500450
319705,G4500570
319724,G4500030
319933,G4500310
319951,G4500850
319953,G4500030
319963,G4500250
320000,G4500830
320036,G4500830
320235,G4500190
320346,G4500510
320673,G4500910
320837,G4500450
320881,G4500430
320952,G4500150
320971,G4500130
320987,G4500030
321064,G4500790
321167,G4500710
321387,G4500570
321513,G4500790
321569,G4500450
321580,G4500750
321609,G4500190
321684,G4500510
322243,G4500350
322253,G4500470
322519,G4500190
322623,G4500650
322833,G4500130
322838,G4500270
322888,G4500590
322947,G4500030
323015,G4500790
323016,G4500450
323050,G4500410
323150,G4500790
323241,G4500630
323248,G4500510
323472,G4500630
323502,G4500150
323508,G4500630
323660,G4500310
323848,G4500570
323940,G4500030
324158,G4500510
324230,G4500790
324320,G4500510
324406,G4500670
324456,G4500750
324566,G4500630
324590,G4500070
324623,G4500410
324703,G4500330
324838,G4500590
325113,G4500510
325114,G4500150
325201,G4500830
325328,G4500030
325340,G4500450
325463,G4500730
325464,G4500790
325522,G4500710
325638,G4500290
325739,G4500790
325785,G4500790
325966,G4500830
326012,G4500750
326223,G4500910
326377,G4500830
326507,G4500910
326567,G4500070
326694,G4500550
326696,G4500910
326831,G4500310
326861,G4500790
326950,G4500790
326967,G4500230
327225,G4500750
327337,G4500350
327424,G4500890
327454,G4500630
327679,G4500250
327716,G4500630
327739,G4500510
327782,G4500830
327831,G4500030
328057,G4500030
328162,G4500450
328377,G4500190
328456,G4500910
328467,G4500450
328486,G4500470
328489,G4500850
328491,G4500510
328510,G4500190
328534,G4500410
328603,G4500510
328798,G4500910
328826,G4500910
329152,G4500030
329260,G4500630
329276,G4500630
329316,G4500150
329331,G4500510
329536,G4500790
329729,G4500470
329837,G4500510
329863,G4500470
329990,G4500150
330008,G4500730
330128,G4500450
330462,G4500510
330530,G4500070
330545,G4500170
330689,G4500410
330923,G4500030
331165,G4500790
331299,G4500790
331377,G4500070
331379,G4500450
331479,G4500190
331509,G4500150
331531,G4500470
331559,G4500830
331676,G4500470
331713,G4500350
331821,G4500730
331941,G4500130
331949,G4500450
332048,G4500190
332061,G4500070
332289,G4500190
332363,G4500190
332612,G4500130
332814,G4500750
332895,G4500790
332906,G4500450
333135,G4500270
333337,G4500450
333373,G4500450
333390,G4500610
333497,G4500450
333503,G4500850
333560,G4500790
333685,G4500510
333886,G4500190
333918,G4500790
334120,G4500130
334449,G4500790
334536,G4500030
334574,G4500230
334621,G4500470
334708,G4500030
334711,G4500910
334810,G4500750
334872,G4500630
335067,G4500150
335132,G4500570
335411,G4500030
335540,G4500730
335719,G4500350
335799,G4500450
335999,G4500790
336132,G4500790
336305,G4500070
336421,G4500150
336427,G4500450
336730,G4500830
337044,G4500850
337103,G4500910
337113,G4500150
337176,G4500630
337177,G4500130
337209,G4500910
337252,G4500430
337290,G4500690
337377,G4500190
337390,G4500490
337428,G4500410
337523,G4500450
337612,G4500790
337680,G4500450
337684,G4500210
337839,G4500570
338100,G4500270
338114,G4500630
338309,G4500130
338336,G4500630
338377,G4500450
338387,G4500630
338614,G4500770
338689,G4500830
338697,G4500410
338769,G4500750
339238,G4500270
339404,G4500190
339531,G4500190
339598,G4500130
339613,G4500410
339963,G4500410
340027,G4500450
340075,G4500590
340105,G4500070
340415,G4500830
340421,G4500390
340504,G4500130
340592,G4500510
340601,G4500570
340655,G4500630
340669,G4500590
340726,G4500450
340864,G4500810
340875,G4500830
340977,G4500250
341032,G4500510
341090,G4500510
341124,G4500470
341162,G4500790
341193,G4500450
341354,G4500070
341356,G4500190
341360,G4500830
341467,G4500910
341594,G4500510
341746,G4500770
341768,G4500790
341822,G4500770
341838,G4500850
341911,G4500130
342249,G4500790
342616,G4500770
342738,G4500830
342845,G4500790
342954,G4500870
342967,G4500910
343163,G4500350
343400,G4500450
343454,G4500630
343588,G4500350
343592,G4500330
343635,G4500190
343696,G4500450
343698,G4500410
343704,G4500830
343708,G4500910
343751,G4500630
343953,G4500250
344100,G4500710
344270,G4500150
344289,G4500810
344346,G4500450
344419,G4500250
344469,G4500430
344486,G4500830
344513,G4500830
344533,G4500150
344688,G4500450
344708,G4500210
344718,G4500190
344899,G4500510
345012,G4500690
345272,G4500790
345357,G4500830
345366,G4500190
345609,G4500070
345652,G4500350
345710,G4500110
345923,G4500070
346041,G4500830
346083,G4500290
346137,G4500150
346155,G4500450
346163,G4500190
346217,G4500430
346269,G4500830
346282,G4500030
346457,G4500570
346594,G4500030
346646,G4500350
346648,G4500850
346726,G4500450
346793,G4500070
347073,G4500390
347082,G4500910
347095,G4500850
347121,G4500730
347232,G4500470
347390,G4500910
347490,G4500790
347798,G4500070
347807,G4500830
348058,G4500150
348160,G4500630
348200,G4500190
348263,G4500190
348514,G4500790
348521,G4500190
348605,G4500710
348791,G4500510
348883,G4500910
348916,G4500570
348923,G4500510
348945,G4500710
349077,G4500450
349094,G4500450
349157,G4500470
349324,G4500550
349338,G4500830
349394,G4500790
349576,G4500030
349608,G4500150
349641,G4500510
349676,G4500870
349803,G4500910
349928,G4500910
350031,G4500190
350246,G4500510
350308,G4500770
350358,G4500830
350372,G4500070
350425,G4500190
350597,G4500130
350625,G4500010
350634,G4500730
350714,G4500690
350755,G4500450
350821,G4500790
350903,G4500510
351004,G4500190
351133,G4500730
351266,G4500830
351272,G4500730
351405,G4500190
351427,G4500450
351636,G4500350
351926,G4500570
351935,G4500710
352031,G4500910
352124,G4500190
352243,G4500390
352400,G4500810
352491,G4500570
352663,G4500070
352846,G4500790
352908,G4500270
353079,G4500510
353109,G4500830
353282,G4500630
353425,G4500290
353448,G4500830
353486,G4500350
353585,G4500510
353609,G4500250
353752,G4500810
353769,G4500190
353849,G4500150
354492,G4500910
354508,G4500350
354512,G4500150
354581,G4500450
354590,G4500450
354861,G4500510
354862,G4500790
355029,G4500390
355065,G4500450
355070,G4500510
355073,G4500850
355196,G4500190
355610,G4500190
355666,G4500750
355918,G4500030
355961,G4500210
356004,G4500030
356025,G4500910
356110,G4500730
356387,G4500630
356481,G4500550
356604,G4500750
356638,G4500190
356639,G4500450
356847,G4500130
356973,G4500550
356986,G4500450
357013,G4500190
357229,G4500770
357318,G4500510
357332,G4500450
357344,G4500730
357377,G4500830
357459,G4500250
357542,G4500510
357751,G4500630
357943,G4500370
357971,G4500530
358022,G4500450
358029,G4500390
358158,G4500450
358264,G4500130
358313,G4500630
358352,G4500150
358546,G4500190
358654,G4500730
358718,G4500790
358728,G4500190
358940,G4500790
359051,G4500450
359213,G4500450
359260,G4500190
359446,G4500630
359728,G4500490
359949,G4500630
360145,G4500430
360272,G4500910
360373,G4500790
360519,G4500190
360696,G4500690
360727,G4500310
360749,G4500190
360799,G4500790
360863,G4500530
361342,G4500710
361374,G4500570
361437,G4500210
361450,G4500190
361585,G4500450
361597,G4500590
361649,G4500630
361757,G4500510
361766,G4500550
361832,G4500110
361910,G4500510
361954,G4500710
362040,G4500210
362194,G4500270
362329,G4500130
362470,G4500630
362514,G4500850
362705,G4500010
362784,G4500470
363007,G4500030
363076,G4500470
363156,G4500790
363310,G4500910
363359,G4500630
363396,G4500530
363407,G4500510
363466,G4500830
363512,G4500910
363683,G4500390
363738,G4500910
363835,G4500790
363985,G4500350
364111,G4500150
364308,G4500130
364402,G4500130
364463,G4500730
364498,G4500630
364670,G4500770
364865,G4500730
364897,G4500830
364901,G4500750
364940,G4500250
365040,G4500130
365173,G4500450
365242,G4500750
365253,G4500030
365331,G4500150
365439,G4500090
365446,G4500510
365479,G4500510
365589,G4500910
365623,G4500450
365995,G4500410
366041,G4500450
366064,G4500430
366094,G4500450
366150,G4500190
366153,G4500070
366252,G4500910
366348,G4500830
366355,G4500030
366404,G4500510
366426,G4500790
366510,G4500450
366762,G4500770
366899,G4500190
366935,G4500450
366966,G4500790
367047,G4500910
367066,G4500850
367145,G4500030
367177,G4500570
367192,G4500450
367224,G4500190
367269,G4500470
367312,G4500790
367334,G4500510
367395,G4500450
367402,G4500790
367528,G4500330
367556,G4500030
367665,G4500910
367678,G4500910
367724,G4500290
367776,G4500510
367924,G4500050
368168,G4500150
368203,G4500570
368285,G4500770
368435,G4500310
368458,G4500070
368760,G4500430
368768,G4500890
368772,G4500710
368809,G4500910
368881,G4500430
368929,G4500270
368966,G4500830
369006,G4500830
369122,G4500450
369131,G4500910
369306,G4500130
369426,G4500410
369493,G4500790
369711,G4500790
369797,G4500150
369817,G4500510
369833,G4500030
369994,G4500130
370017,G4500330
370152,G4500070
370206,G4500510
370220,G4500710
370360,G4500850
370380,G4500270
370546,G4500070
370558,G4500450
370598,G4500670
370633,G4500590
370675,G4500350
371100,G4500430
371318,G4500830
371585,G4500390
371610,G4500630
371646,G4500590
371738,G4500070
371749,G4500330
372103,G4500190
372192,G4500830
372296,G4500730
372562,G4500910
373188,G4500190
373223,G4500910
373271,G4500830
373298,G4500250
373305,G4500450
373330,G4500150
373341,G4500130
373358,G4500230
373517,G4500630
373555,G4500190
373558,G4500070
373568,G4500730
373578,G4500150
373810,G4500830
373811,G4500770
373831,G4500910
373857,G4500750
373965,G4500790
374143,G4500770
374319,G4500390
374365,G4500770
374372,G4500190
374395,G4500190
374460,G4500730
374844,G4500130
374986,G4500890
375112,G4500410
375155,G4500450
375362,G4500750
375486,G4500190
375494,G4500070
375507,G4500870
375603,G4500510
375621,G4500150
375627,G4500830
375694,G4500510
375796,G4500910
375964,G4500510
376006,G4500870
376113,G4500550
376209,G4500190
376266,G4500790
376363,G4500910
376409,G4500910
376489,G4500730
376567,G4500150
376586,G4500430
376624,G4500630
376649,G4500450
376669,G4500890
376675,G4500170
376705,G4500010
376771,G4500850
376920,G4500490
376928,G4500830
377032,G4500910
377198,G4500570
377372,G4500910
377473,G4500790
377555,G4500030
377575,G4500430
377928,G4500630
377938,G4500790
378014,G4500450
378024,G4500430
378085,G4500630
378103,G4500210
378126,G4500190
378259,G4500130
378270,G4500630
378326,G4500150
378367,G4500430
378828,G4500450
378840,G4500830
379022,G4500870
379073,G4500350
379141,G4500350
379169,G4500450
379191,G4500450
379230,G4500850
379317,G4500310
379512,G4500730
379531,G4500150
379847,G4500570
379975,G4500450
380086,G4500130
380087,G4500630
380576,G4500190
380579,G4500090
380643,G4500010
380647,G4500630
380649,G4500430
380690,G4500190
380700,G4500450
380764,G4500190
380842,G4500070
380913,G4500450
380983,G4500510
381172,G4500910
381267,G4500190
381315,G4500190
381495,G4500410
381715,G4500750
381752,G4500510
381770,G4500730
381845,G4500830
381971,G4500790
382041,G4500770
382044,G4500190
382135,G4500450
382202,G4500810
382449,G4500190
382485,G4500450
382657,G4500130
382751,G4500510
382806,G4500790
382815,G4500730
382884,G4500070
382949,G4500490
382999,G4500130
383017,G4500410
383068,G4500190
383114,G4500570
383377,G4500410
383479,G4500430
383682,G4500910
383764,G4500410
383787,G4500350
383827,G4500450
383857,G4500350
383906,G4500450
384102,G4500270
384195,G4500450
384316,G4500190
384424,G4500590
384443,G4500190
384484,G4500750
384551,G4500550
384600,G4500190
384688,G4500450
384753,G4500490
384855,G4500850
384955,G4500410
385000,G4500450
385109,G4500030
385221,G4500790
385223,G4500210
385273,G4500450
385315,G4500150
385363,G4500150
385445,G4500790
385676,G4500830
385738,G4500830
385808,G4500910
385929,G4500070
386093,G4500070
386126,G4500130
386150,G4500830
386245,G4500450
386276,G4500430
386392,G4500410
386827,G4500590
386860,G4500630
386994,G4500910
387224,G4500190
387261,G4500030
387335,G4500450
387541,G4500910
387597,G4500350
387756,G4500630
387788,G4500470
388073,G4500510
388118,G4500150
388210,G4500350
388214,G4500090
388231,G4500770
388542,G4500190
388633,G4500190
388671,G4500510
388701,G4500910
388882,G4500210
388907,G4500070
388948,G4500790
388957,G4500210
388984,G4500070
389209,G4500790
389212,G4500550
389279,G4500570
389346,G4500130
389434,G4500290
389511,G4500790
389520,G4500490
389525,G4500630
389592,G4500050
389629,G4500190
389647,G4500450
389716,G4500150
389717,G4500510
389824,G4500430
389908,G4500730
390428,G4500290
390486,G4500570
390643,G4500510
390682,G4500570
390767,G4500190
390846,G4500890
390908,G4500070
390973,G4500510
391149,G4500630
391155,G4500410
391208,G4500450
391351,G4500190
391378,G4500190
391456,G4500430
391469,G4500730
391568,G4500830
391840,G4500730
391876,G4500410
391951,G4500030
392192,G4500690
392379,G4500910
392546,G4500070
392698,G4500070
392793,G4500550
392860,G4500510
393026,G4500150
393049,G4500070
393129,G4500070
393155,G4500790
393194,G4500810
393204,G4500070
393213,G4500590
393306,G4500810
393427,G4500730
393532,G4500030
393624,G4500150
393765,G4500850
393777,G4500470
393779,G4500550
393987,G4500190
394162,G4500030
394231,G4500190
394268,G4500410
394335,G4500450
394511,G4500630
394513,G4500450
394521,G4500710
394575,G4500350
394592,G4500510
394661,G4500890
394770,G4500150
394795,G4500910
394900,G4500190
395168,G4500130
395303,G4500830
395371,G4500070
395430,G4500830
395539,G4500410
395545,G4500070
395568,G4500250
395601,G4500510
395706,G4500850
395711,G4500210
395766,G4500630
395838,G4500850
396008,G4500770
396184,G4500730
396283,G4500910
396313,G4500210
396357,G4500450
396361,G4500130
396477,G4500350
396552,G4500410
396637,G4500730
396821,G4500790
396919,G4500130
397039,G4500670
397041,G4500410
397272,G4500630
397369,G4500830
397427,G4500830
397468,G4500350
397646,G4500130
397730,G4500090
397750,G4500790
397769,G4500830
397795,G4500150
397821,G4500710
398024,G4500350
398166,G4500910
398229,G4500730
398336,G4500190
398447,G4500770
398588,G4500470
398775,G4500590
398851,G4500790
399130,G4500070
399335,G4500830
399385,G4500150
399449,G4500190
399743,G4500430
399841,G4500190
399845,G4500510
399940,G4500510
400010,G4500350
400017,G4500070
400021,G4500830
400055,G4500130
400108,G4500010
400113,G4500030
400231,G4500150
400236,G4500830
400290,G4500710
400305,G4500870
400395,G4500450
400448,G4500790
400523,G4500670
400553,G4500190
400649,G4500790
400710,G4500150
400713,G4500790
400946,G4500450
401054,G4500350
401055,G4500910
401117,G4500910
401292,G4500830
401299,G4500150
401347,G4500830
401449,G4500350
401494,G4500310
401652,G4500630
401782,G4500510
401847,G4500830
401906,G4500450
401968,G4500210
401969,G4500790
401983,G4500910
402039,G4500770
402095,G4500370
402137,G4500630
402249,G4500790
402343,G4500130
402612,G4500450
402618,G4500450
402743,G4500790
402909,G4500190
402928,G4500010
403262,G4500510
403319,G4500790
403784,G4500830
403872,G4500750
403923,G4500010
404001,G4500790
404037,G4500190
404149,G4500450
404238,G4500470
404272,G4500190
404389,G4500070
404438,G4500630
404448,G4500510
404543,G4500910
404590,G4500270
404925,G4500570
405026,G4500590
405098,G4500790
405131,G4500350
405237,G4500070
405427,G4500630
405765,G4500070
405776,G4500450
405850,G4500070
405910,G4500630
405941,G4500030
406029,G4500290
406165,G4500630
406392,G4500510
406462,G4500410
406522,G4500690
406547,G4500430
406623,G4500630
406696,G4500510
406750,G4500070
406839,G4500450
406908,G4500750
407279,G4500790
407333,G4500450
407506,G4500630
407574,G4500510
407645,G4500510
407769,G4500510
407799,G4500570
408048,G4500070
408051,G4500470
408101,G4500070
408227,G4500630
408361,G4500830
408381,G4500470
408481,G4500190
408534,G4500790
408594,G4500850
408632,G4500790
408742,G4500030
408767,G4500410
408894,G4500190
408905,G4500630
408943,G4500730
408994,G4500150
409043,G4500450
409139,G4500350
409141,G4500890
409310,G4500850
409347,G4500190
409360,G4500790
409364,G4500190
409386,G4500790
409447,G4500790
409522,G4500190
409560,G4500250
409616,G4500450
409647,G4500070
409766,G4500450
410046,G4500410
410117,G4500830
410169,G4500330
410286,G4500410
410314,G4500630
410496,G4500830
410501,G4500450
410602,G4500010
410622,G4500710
410629,G4500590
410711,G4500770
410734,G4500470
410778,G4500830
410892,G4500070
411012,G4500070
411188,G4500450
411370,G4500350
411406,G4500190
411423,G4500310
411491,G4500830
411554,G4500450
411601,G4500910
411658,G4500790
411682,G4500450
411739,G4500350
411845,G4500830
412214,G4500550
412291,G4500450
412432,G4500730
412481,G4500750
412495,G4500830
412577,G4500190
412678,G4500770
412766,G4500150
412782,G4500630
412794,G4500130
412995,G4500790
413162,G4500070
413276,G4500450
413388,G4500790
413472,G4500830
413566,G4500630
413589,G4500510
413610,G4500510
413792,G4500350
413861,G4500450
414103,G4500510
414164,G4500350
414309,G4500690
414372,G4500150
414764,G4500730
414810,G4500130
414824,G4500630
414927,G4500150
415052,G4500830
415070,G4500130
415103,G4500790
415228,G4500510
415286,G4500450
415306,G4500790
415659,G4500550
415704,G4500070
415890,G4500070
415893,G4500790
415963,G4500330
416553,G4500110
416629,G4500090
416692,G4500630
416809,G4500670
416810,G4500150
416881,G4500510
416901,G4500030
416944,G4500190
416972,G4500630
417009,G4500510
417108,G4500030
417202,G4500190
417553,G4500450
417645,G4500450
417747,G4500250
417806,G4500590
418143,G4500910
418466,G4500410
418615,G4500150
418635,G4500790
418668,G4500450
418711,G4500570
418727,G4500350
418736,G4500270
418807,G4500830
418867,G4500450
419219,G4500350
419317,G4500790
419353,G4500870
419395,G4500850
419530,G4500790
419562,G4500190
419571,G4500510
419608,G4500290
419676,G4500510
419852,G4500230
419992,G4500070
420094,G4500450
420109,G4500150
420169,G4500450
420210,G4500510
420403,G4500790
420476,G4500070
420832,G4500490
420861,G4500450
420890,G4500150
421040,G4500450
421236,G4500910
421270,G4500790
421308,G4500510
421317,G4500830
421499,G4500510
421531,G4500570
421573,G4500790
421779,G4500350
421827,G4500570
421869,G4500770
421897,G4500850
421942,G4500910
421977,G4500450
422274,G4500630
422418,G4500190
422441,G4500450
422622,G4500550
422733,G4500790
422972,G4500190
422983,G4500350
423016,G4500830
423022,G4500450
423161,G4500190
423402,G4500190
423419,G4500810
423511,G4500630
423540,G4500150
423651,G4500130
424005,G4500450
424209,G4500450
424212,G4500790
424459,G4500410
424680,G4500430
424705,G4500150
424986,G4500170
425146,G4500790
425287,G4500070
425397,G4500630
425677,G4500510
425753,G4500070
425888,G4500190
426099,G4500830
426208,G4500470
426313,G4500790
426433,G4500630
426587,G4500790
426625,G4500570
426793,G4500070
426797,G4500750
426845,G4500450
426880,G4500790
426895,G4500870
427552,G4500510
428089,G4500510
428238,G4500350
428249,G4500190
428318,G4500670
428362,G4500810
428532,G4500810
428649,G4500410
428808,G4500790
428937,G4500450
429054,G4500790
429152,G4500790
429160,G4500870
429236,G4500250
429430,G4500830
429514,G4500250
429521,G4500210
429578,G4500830
429602,G4500150
429715,G4500850
429971,G4500390
429980,G4500630
430102,G4500030
430158,G4500830
430270,G4500570
430271,G4500190
430411,G4500470
430444,G4500850
430473,G4500030
430613,G4500470
430847,G4500390
430880,G4500190
430900,G4500830
430952,G4500410
431030,G4500770
431075,G4500810
431234,G4500910
431243,G4500770
431546,G4500070
431601,G4500150
431621,G4500510
431664,G4500070
431769,G4500790
431888,G4500830
432037,G4500450
432122,G4500130
432150,G4500830
432179,G4500130
432197,G4500070
432226,G4500450
432306,G4500910
432672,G4500130
432725,G4500550
432875,G4500190
433201,G4500750
433245,G4500190
433268,G4500130
433286,G4500130
433435,G4500430
433444,G4500430
433605,G4500070
433608,G4500790
433720,G4500410
433737,G4500790
433765,G4500770
433909,G4500230
433929,G4500230
433970,G4500630
434037,G4500470
434107,G4500450
434435,G4500750
434446,G4500190
434801,G4500150
434812,G4500470
434848,G4500450
434923,G4500450
435075,G4500150
435078,G4500510
435265,G4500030
435295,G4500450
435304,G4500130
435521,G4500130
435529,G4500070
435562,G4500310
435590,G4500210
435641,G4500830
435643,G4500510
435803,G4500630
436048,G4500830
436161,G4500450
436296,G4500250
436381,G4500510
436425,G4500630
436552,G4500530
436554,G4500190
436945,G4500450
437049,G4500790
437157,G4500790
437236,G4500830
437405,G4500590
437629,G4500130
437738,G4500870
437793,G4500070
437908,G4500130
437998,G4500130
438044,G4500690
438259,G4500910
438281,G4500450
438302,G4500510
438319,G4500910
438362,G4500830
438529,G4500190
438534,G4500770
438758,G4500470
438763,G4500430
438856,G4500630
438904,G4500690
439099,G4500730
439214,G4500790
439569,G4500450
439684,G4500130
439689,G4500710
439720,G4500350
439778,G4500450
439970,G4500690
439990,G4500330
440021,G4500790
440028,G4500410
440212,G4500430
440286,G4500830
440321,G4500450
440475,G4500510
440543,G4500850
440786,G4500390
440823,G4500190
440966,G4500850
441270,G4500450
441515,G4500730
441558,G4500130
441578,G4500450
441648,G4500910
441675,G4500290
441683,G4500910
441689,G4500790
441732,G4500730
441734,G4500390
441738,G4500350
441743,G4500190
441768,G4500610
441810,G4500730
442540,G4500890
442668,G4500910
442700,G4500510
442759,G4500230
442763,G4500190
442808,G4500790
442854,G4500870
443180,G4500070
443239,G4500830
443448,G4500070
443602,G4500070
443645,G4500790
443744,G4500750
443899,G4500910
444012,G4500450
444086,G4500650
444185,G4500790
444243,G4500850
444300,G4500450
444324,G4500130
444326,G4500190
444471,G4500570
444570,G4500850
444697,G4500830
444888,G4500830
445070,G4500450
445128,G4500790
445342,G4500730
445364,G4500250
445395,G4500830
445533,G4500350
445557,G4500510
445626,G4500630
445774,G4500510
446037,G4500190
446058,G4500830
446151,G4500430
446189,G4500150
446248,G4500290
446304,G4500790
446418,G4500030
446535,G4500890
446857,G4500670
447073,G4500470
447151,G4500910
447166,G4500510
447244,G4500250
447400,G4500190
447548,G4500630
447571,G4500890
447642,G4500830
447848,G4500070
447873,G4500130
447945,G4500190
448177,G4500510
448185,G4500510
448517,G4500850
448596,G4500290
448685,G4500510
448740,G4500790
448759,G4500470
448971,G4500130
449026,G4500630
449211,G4500190
449263,G4500790
449280,G4500630
449337,G4500810
449376,G4500030
449449,G4500590
449752,G4500450
449809,G4500510
449851,G4500770
449868,G4500470
449918,G4500070
450146,G4500030
450181,G4500350
450383,G4500010
450451,G4500770
450579,G4500830
450950,G4500510
451017,G4500910
451036,G4500070
451162,G4500130
451326,G4500190
451345,G4500350
451357,G4500150
452064,G4500190
452081,G4500830
452088,G4500450
452116,G4500910
452429,G4500790
452498,G4500030
452538,G4500670
452556,G4500830
452709,G4500410
452726,G4500730
452781,G4500850
452846,G4500430
452857,G4500070
452874,G4500410
452984,G4500450
453003,G4500450
453068,G4500890
453091,G4500510
453119,G4500470
453161,G4500510
453236,G4500190
453267,G4500510
453290,G4500590
453324,G4500770
453460,G4500550
453461,G4500150
453519,G4500790
453531,G4500350
453543,G4500310
453826,G4500130
454013,G4500450
454021,G4500030
454119,G4500770
454130,G4500850
454208,G4500350
454225,G4500030
454366,G4500230
454370,G4500690
454427,G4500430
454524,G4500210
454766,G4500450
454828,G4500510
454888,G4500790
454980,G4500830
455166,G4500450
455254,G4500610
455287,G4500910
455360,G4500830
455530,G4500670
455720,G4500910
455995,G4500510
456064,G4500250
456345,G4500910
456517,G4500730
456571,G4500510
456670,G4500790
456765,G4500770
456792,G4500830
456936,G4500190
457109,G4500450
457216,G4500630
457293,G4500750
457295,G4500830
457343,G4500450
457365,G4500790
457515,G4500830
457566,G4500310
457620,G4500810
457641,G4500790
457740,G4500910
457780,G4500450
457869,G4500630
458042,G4500830
458124,G4500190
458142,G4500070
458293,G4500190
458409,G4500070
458499,G4500430
458662,G4500450
458841,G4500750
458850,G4500850
458899,G4500070
458982,G4500430
459061,G4500790
459136,G4500790
459160,G4500510
459582,G4500630
459873,G4500450
459983,G4500670
460013,G4500210
460125,G4500190
460191,G4500850
460245,G4500910
460287,G4500350
460386,G4500830
460426,G4500190
460580,G4500450
460611,G4500690
460712,G4500910
460767,G4500070
460880,G4500210
460917,G4500430
460995,G4500190
461243,G4500370
461249,G4500290
461250,G4500830
461322,G4500190
461337,G4500190
461358,G4500150
461387,G4500150
461399,G4500830
461471,G4500750
461528,G4500770
461693,G4500910
461705,G4500190
461897,G4500310
461904,G4500510
462003,G4500250
462058,G4500830
462142,G4500450
462221,G4500910
462238,G4500590
462239,G4500190
462335,G4500190
462375,G4500790
462386,G4500850
462408,G4500450
462501,G4500150
462577,G4500030
462672,G4500830
462848,G4500030
463025,G4500450
463120,G4500910
463323,G4500830
463376,G4500790
463389,G4500730
463391,G4500450
463690,G4500450
463795,G4500830
463860,G4500830
463892,G4500510
463916,G4500730
464014,G4500070
464018,G4500070
464038,G4500390
464068,G4500170
464577,G4500630
464658,G4500350
464861,G4500190
464997,G4500850
465052,G4500450
465087,G4500410
465218,G4500010
465407,G4500030
465511,G4500630
465590,G4500190
465708,G4500850
465725,G4500910
465908,G4500570
465988,G4500830
466037,G4500510
466041,G4500130
466205,G4500890
466226,G4500850
466282,G4500710
466319,G4500190
466403,G4500210
466526,G4500850
466817,G4500150
466904,G4500750
466919,G4500830
466982,G4500730
467022,G4500130
467127,G4500190
467183,G4500450
467271,G4500610
467352,G4500790
467506,G4500030
467693,G4500050
467775,G4500470
467856,G4500070
467932,G4500130
468004,G4500890
468014,G4500590
468020,G4500830
468042,G4500190
468114,G4500390
468162,G4500910
468173,G4500830
468201,G4500450
468561,G4500450
468606,G4500410
468796,G4500030
468884,G4500910
468931,G4500450
469006,G4500030
469125,G4500790
469146,G4500790
469303,G4500310
469413,G4500390
469546,G4500910
469651,G4500830
469708,G4500890
469714,G4500890
469775,G4500130
469777,G4500830
469808,G4500130
469869,G4500030
470111,G4500790
470120,G4500650
470125,G4500850
470261,G4500450
470450,G4500130
470509,G4500630
470545,G4500830
470831,G4500790
470889,G4500790
470994,G4500590
471145,G4500850
471146,G4500770
471150,G4500750
471199,G4500510
471309,G4500730
471685,G4500770
472022,G4500130
472354,G4500790
472456,G4500030
472680,G4500130
472682,G4500510
472754,G4500830
472993,G4500130
473013,G4500210
473067,G4500130
473087,G4500190
473297,G4500030
473487,G4500790
473604,G4500790
473660,G4500910
473719,G4500010
473758,G4500150
473782,G4500030
473787,G4500830
474071,G4500190
474315,G4500350
474370,G4500410
474556,G4500150
474649,G4500910
474709,G4500190
474716,G4500610
474798,G4500190
474887,G4500430
474982,G4500510
474985,G4500070
475004,G4500630
475174,G4500430
475404,G4500310
475430,G4500510
475443,G4500510
475483,G4500150
475498,G4500190
475656,G4500230
475695,G4500830
475816,G4500270
475845,G4500850
475883,G4500910
475915,G4500750
475946,G4500170
475985,G4500190
476264,G4500910
476351,G4500630
476423,G4500090
476441,G4500450
476504,G4500450
476580,G4500710
476624,G4500030
476696,G4500130
476842,G4500790
476949,G4500630
477015,G4500450
477209,G4500910
477257,G4500030
477394,G4500070
477400,G4500630
477455,G4500070
477461,G4500830
477760,G4500130
477866,G4500450
477927,G4500150
477930,G4500450
478030,G4500030
478091,G4500190
478315,G4500150
478496,G4500450
478596,G4500450
478682,G4500510
478690,G4500910
478874,G4500190
478904,G4500510
478914,G4500130
478982,G4500770
479010,G4500190
479210,G4500510
479261,G4500450
479307,G4500350
479308,G4500410
479436,G4500890
479453,G4500890
479642,G4500910
479696,G4500910
479725,G4500790
479783,G4500630
479966,G4500030
480178,G4500910
480338,G4500510
480447,G4500830
480509,G4500350
480735,G4500430
480908,G4500150
481049,G4500030
481193,G4500070
481597,G4500190
481801,G4500190
482151,G4500190
482162,G4500510
482417,G4500190
482783,G4500250
482829,G4500790
483016,G4500850
483151,G4500350
483154,G4500630
483185,G4500430
483314,G4500770
483316,G4500830
483473,G4500830
483565,G4500190
483711,G4500790
483732,G4500910
483743,G4500790
483790,G4500290
483892,G4500310
483899,G4500770
483979,G4500630
484034,G4500630
484102,G4500450
484158,G4500410
484167,G4500510
484415,G4500910
484631,G4500850
484731,G4500150
484742,G4500830
484765,G4500130
484783,G4500790
484839,G4500590
484888,G4500830
485023,G4500790
485057,G4500790
485414,G4500790
485550,G4500450
485576,G4500750
485800,G4500450
485850,G4500830
486011,G4500790
486029,G4500690
486175,G4500030
486215,G4500190
486398,G4500350
486400,G4500450
486442,G4500250
486492,G4500790
486719,G4500910
486841,G4500150
486914,G4500450
486961,G4500790
486965,G4500330
487035,G4500150
487183,G4500630
487419,G4500190
487633,G4500790
487719,G4500550
487852,G4500190
487854,G4500630
487933,G4500630
488123,G4500070
488195,G4500570
488306,G4500630
488449,G4500510
488506,G4500770
488592,G4500130
488704,G4500410
488726,G4500290
488737,G4500410
489077,G4500030
489190,G4500750
489296,G4500790
489338,G4500370
489456,G4500350
489700,G4500190
489720,G4500450
489735,G4500790
489750,G4500730
490021,G4500450
490051,G4500590
490100,G4500450
490108,G4500790
490201,G4500070
490286,G4500190
490375,G4500430
490543,G4500630
490572,G4500150
490745,G4500790
490900,G4500450
490967,G4500770
491057,G4500450
491077,G4500830
491079,G4500350
491179,G4500130
491183,G4500450
491231,G4500910
491372,G4500790
491400,G4500630
491499,G4500430
491526,G4500630
491715,G4500410
491769,G4500910
491807,G4500890
491910,G4500030
491930,G4500450
491932,G4500450
492196,G4500470
492574,G4500250
492590,G4500790
492828,G4500190
493032,G4500290
493257,G4500070
493441,G4500210
493485,G4500510
493685,G4500410
493813,G4500130
493952,G4500450
493997,G4500630
494024,G4500450
494055,G4500070
494097,G4500190
494246,G4500730
494409,G4500430
494411,G4500190
494446,G4500590
494989,G4500230
495022,G4500030
495065,G4500130
495132,G4500250
495198,G4500830
495207,G4500190
495252,G4500510
495279,G4500550
495287,G4500850
495388,G4500350
495411,G4500530
495580,G4500630
495599,G4500650
495647,G4500410
495696,G4500450
495831,G4500290
495932,G4500630
496010,G4500830
496048,G4500430
496075,G4500770
496181,G4500510
496220,G4500650
496274,G4500510
496380,G4500830
496445,G4500470
496566,G4500790
496722,G4500190
496788,G4500790
496874,G4500630
496895,G4500410
496925,G4500310
496926,G4500830
497012,G4500410
497086,G4500450
497120,G4500830
497192,G4500510
497284,G4500830
497288,G4500770
497419,G4500150
497481,G4500190
497556,G4500730
497582,G4500830
497714,G4500710
497756,G4500410
497864,G4500190
498006,G4500450
498038,G4500310
498096,G4500130
498201,G4500790
498229,G4500770
498242,G4500150
498265,G4500430
498349,G4500450
498456,G4500070
498540,G4500190
498668,G4500590
498699,G4500510
498704,G4500190
498901,G4500570
498911,G4500190
499068,G4500630
499113,G4500630
499391,G4500630
499396,G4500630
499415,G4500310
499460,G4500910
499505,G4500850
499665,G4500750
499919,G4500510
500044,G4500250
500077,G4500630
500401,G4500910
500548,G4500770
500692,G4500710
500697,G4500190
500811,G4500150
500839,G4500190
501014,G4500730
501197,G4500510
501287,G4500190
501452,G4500030
501577,G4500110
501618,G4500510
501625,G4500550
501657,G4500570
501683,G4500790
501797,G4500790
501842,G4500710
501844,G4500510
501970,G4500790
502302,G4500590
502363,G4500830
502409,G4500790
502505,G4500190
502528,G4500510
502556,G4500310
502775,G4500630
502797,G4500790
502935,G4500190
502973,G4500410
503020,G4500150
503138,G4500130
503659,G4500150
503893,G4500450
503975,G4500470
504029,G4500510
504071,G4500410
504262,G4500790
504288,G4500910
504351,G4500810
504822,G4500630
505043,G4500350
505120,G4500470
505504,G4500730
505518,G4500310
505669,G4500530
505748,G4500130
505843,G4500130
505975,G4500190
505985,G4500130
506142,G4500350
506260,G4500790
506403,G4500190
506434,G4500110
506575,G4500470
506592,G4500630
506643,G4500570
506653,G4500070
506798,G4500610
506932,G4500070
507033,G4500790
507072,G4500150
507203,G4500450
507236,G4500370
507346,G4500170
507418,G4500730
507424,G4500910
507484,G4500450
507497,G4500630
507546,G4500630
507829,G4500790
507840,G4500790
507873,G4500750
507989,G4500630
508084,G4500410
508112,G4500270
508165,G4500450
508214,G4500170
508380,G4500790
508381,G4500030
508483,G4500410
508486,G4500490
508543,G4500410
508583,G4500190
508613,G4500070
508732,G4500390
508739,G4500070
508827,G4500350
508906,G4500830
508917,G4500790
509279,G4500070
509347,G4500910
509401,G4500510
509449,G4500630
509473,G4500190
509495,G4500790
509648,G4500190
509649,G4500630
509669,G4500030
509671,G4500830
509733,G4500570
509789,G4500830
509951,G4500770
510080,G4500690
510296,G4500450
510353,G4500830
510566,G4500850
510596,G4500350
510625,G4500830
510953,G4500850
511025,G4500730
511161,G4500070
511417,G4500410
511526,G4500630
511657,G4500310
511664,G4500450
511890,G4500450
511900,G4500190
511989,G4500790
512017,G4500790
512063,G4500670
512142,G4500190
512169,G4500510
512708,G4500790
512856,G4500150
512888,G4500430
512889,G4500830
513039,G4500750
513041,G4500550
513070,G4500770
513094,G4500150
513445,G4500030
513532,G4500030
513602,G4500770
513629,G4500030
513639,G4500750
513701,G4500350
514176,G4500450
514349,G4500790
514380,G4500550
514399,G4500070
514782,G4500830
514785,G4500830
514911,G4500510
515030,G4500250
515089,G4500170
515176,G4500170
515200,G4500510
515296,G4500830
515350,G4500830
515530,G4500190
515573,G4500070
515707,G4500310
515710,G4500510
515730,G4500190
515771,G4500070
515843,G4500210
515868,G4500150
515939,G4500410
516045,G4500150
516210,G4500830
516311,G4500150
516373,G4500270
516494,G4500790
516553,G4500450
516655,G4500790
516714,G4500130
516751,G4500570
516815,G4500030
516889,G4500750
516918,G4500630
516925,G4500910
517017,G4500830
517180,G4500550
517258,G4500030
517381,G4500190
517489,G4500730
517531,G4500190
517553,G4500790
517573,G4500590
517612,G4500070
517617,G4500150
517704,G4500830
517717,G4500830
517781,G4500190
517831,G4500910
517872,G4500130
517889,G4500030
517924,G4500170
518483,G4500510
518611,G4500150
518651,G4500850
518719,G4500730
518767,G4500450
518978,G4500190
519006,G4500450
519008,G4500510
519015,G4500630
519021,G4500570
519069,G4500230
519108,G4500450
519192,G4500310
519422,G4500790
519451,G4500030
519454,G4500870
519668,G4500210
519798,G4500190
519807,G4500450
519825,G4500130
519946,G4500490
519972,G4500510
520033,G4500130
520054,G4500510
520077,G4500350
520214,G4500570
520809,G4500110
520810,G4500550
520842,G4500630
520898,G4500910
520923,G4500790
521115,G4500510
521257,G4500190
521401,G4500850
521458,G4500410
521688,G4500070
521699,G4500590
521767,G4500290
521971,G4500310
521997,G4500770
522023,G4500310
522035,G4500790
522120,G4500790
522209,G4500350
522255,G4500010
522373,G4500410
522442,G4500350
522447,G4500830
522528,G4500210
522537,G4500130
522849,G4500310
523042,G4500890
523102,G4500510
523146,G4500090
523301,G4500630
523360,G4500830
523383,G4500090
523402,G4500350
523436,G4500730
523538,G4500850
523543,G4500070
523642,G4500590
523694,G4500150
523739,G4500150
523786,G4500190
524024,G4500490
524106,G4500750
524146,G4500850
524293,G4500070
524345,G4500590
524365,G4500910
524371,G4500030
524548,G4500770
524610,G4500450
524618,G4500630
524724,G4500790
524887,G4500190
524937,G4500750
525056,G4500910
525083,G4500150
525117,G4500350
525132,G4500790
525298,G4500890
525469,G4500310
525492,G4500830
525505,G4500470
525526,G4500790
525621,G4500350
525736,G4500910
525760,G4500130
525772,G4500030
525868,G4500730
525960,G4500130
526144,G4500510
526169,G4500850
526172,G4500510
526184,G4500470
526226,G4500510
526333,G4500450
526390,G4500550
526431,G4500630
526910,G4500630
527039,G4500790
527056,G4500630
527125,G4500450
527184,G4500410
527229,G4500630
527518,G4500790
527615,G4500870
527835,G4500450
528130,G4500450
528305,G4500730
528350,G4500570
528669,G4500130
528717,G4500450
528874,G4500470
529081,G4500030
529166,G4500030
529308,G4500510
529441,G4500070
529442,G4500830
529491,G4500790
529537,G4500830
529752,G4500230
530141,G4500890
530259,G4500130
530315,G4500870
530465,G4500630
530494,G4500570
530498,G4500250
530627,G4500510
530661,G4500590
530722,G4500770
531238,G4500510
531277,G4500190
531308,G4500450
531312,G4500010
531426,G4500110
531498,G4500370
531570,G4500910
531642,G4500190
531774,G4500330
531804,G4500790
531879,G4500910
532035,G4500730
532105,G4500190
532130,G4500450
532131,G4500070
532280,G4500630
532389,G4500450
532400,G4500450
532769,G4500790
532796,G4500130
532818,G4500790
532979,G4500450
533230,G4500250
533234,G4500150
533245,G4500750
533481,G4500450
533494,G4500410
533685,G4500510
533999,G4500830
534076,G4500910
534470,G4500450
534698,G4500190
534763,G4500910
534778,G4500630
534936,G4500790
534961,G4500190
534963,G4500450
534998,G4500510
535040,G4500410
535068,G4500430
535119,G4500790
535146,G4500510
535270,G4500030
535386,G4500630
535475,G4500130
535532,G4500830
535590,G4500910
535619,G4500190
535668,G4500450
535699,G4500850
535792,G4500190
535876,G4500030
535885,G4500350
536031,G4500070
536353,G4500430
536412,G4500490
536435,G4500850
536720,G4500690
536734,G4500190
536796,G4500450
536860,G4500850
537129,G4500910
537193,G4500210
537270,G4500090
537338,G4500630
537352,G4500410
537612,G4500150
537729,G4500870
537772,G4500190
537775,G4500190
537836,G4500910
538072,G4500730
538119,G4500910
538170,G4500450
538184,G4500410
538209,G4500850
538233,G4500910
538408,G4500030
538417,G4500070
538461,G4500350
538507,G4500130
538586,G4500150
538591,G4500750
538682,G4500190
538692,G4500830
538748,G4500630
538762,G4500910
538865,G4500830
538921,G4500210
539182,G4500190
539235,G4500190
539239,G4500350
539416,G4500790
539469,G4500030
539493,G4500750
539644,G4500190
539669,G4500510
539700,G4500790
539737,G4500730
539810,G4500270
539980,G4500830
540020,G4500730
540155,G4500150
540407,G4500190
540420,G4500630
540635,G4500410
540869,G4500730
540901,G4500630
541005,G4500790
541028,G4500910
541054,G4500830
541060,G4500830
541541,G4500070
541600,G4500790
541676,G4500350
541801,G4500630
541874,G4500070
541882,G4500190
541926,G4500510
542020,G4500190
542168,G4500590
542415,G4500150
542423,G4500830
542511,G4500630
542526,G4500150
542572,G4500190
542800,G4500830
542848,G4500550
542857,G4500630
542922,G4500150
543070,G4500730
543203,G4500450
543227,G4500630
543296,G4500130
543433,G4500790
543475,G4500910
543529,G4500310
543551,G4500030
543559,G4500290
543586,G4500510
543702,G4500790
544073,G4500450
544318,G4500130
544353,G4500570
544356,G4500550
544484,G4500830
544553,G4500190
544623,G4500630
544916,G4500010
545037,G4500510
545046,G4500630
545049,G4500790
545073,G4500190
545100,G4500510
545180,G4500770
545290,G4500030
545500,G4500030
545511,G4500630
545522,G4500830
545572,G4500450
545807,G4500410
545985,G4500450
546241,G4500130
546351,G4500510
546588,G4500850
546597,G4500550
546650,G4500450
546713,G4500370
547076,G4500070
547125,G4500350
547275,G4500630
547326,G4500510
547406,G4500470
547523,G4500790
547605,G4500510
547621,G4500210
547625,G4500910
547634,G4500790
547648,G4500690
547675,G4500630
547865,G4500410
547940,G4500510
547949,G4500190
547957,G4500790
547959,G4500310
547967,G4500190
547991,G4500450
548069,G4500850
548333,G4500590
548373,G4500730
548554,G4500150
548816,G4500190
548843,G4500630
548915,G4500630
548946,G4500790
549007,G4500430
549260,G4500190
549324,G4500790
549544,G4500830
549552,G4500870
549639,G4500770
549714,G4500590
549878,G4500790
549916,G4500190
